OrderID,Carrier,Origin,Distance_KM,Weight_KG,Cost_USD,Emission_Factor,CO2_kg
1001,Air-Express,Singapore,1445,2657.313394213891,3971.273003364955,0.5,1919.9089273195364
1002,Ocean-Freight,Shanghai,8724,4950.745372492012,3971.273003364955,0.01,431.90302629620317
1003,Ocean-Freight,New York,4177,375.3009102389737,3971.273003364955,0.01,15.676319020681934
1004,Ocean-Freight,New York,2573,4960.954601847144,3971.273003364955,0.01,127.64536190552701
1005,Ground-Truck,London,3081,4035.048781552404,3971.273003364955,0.11,1367.5183825559252
1006,Rail-Link,New York,6462,1331.9463326511543,3971.273003364955,0.03,258.21111604775274
1007,Ocean-Freight,Singapore,935,1985.7366163236984,3971.273003364955,0.01,18.566637362626583
1008,Rail-Link,Shanghai,3040,4271.976003591171,3971.273003364955,0.03,389.60421152751485
1009,Rail-Link,New York,6496,44.41522426850679,3971.273003364955,0.03,8.655638905446603
1010,Ground-Truck,Singapore,6045,4887.238500125497,3971.273003364955,0.11,3249.7692406584497
1011,Ocean-Freight,New York,7241,3063.3372751578386,1994.4941564800492,0.01,221.81625209417908
1012,Rail-Link,London,9392,3392.572359022001,1932.13281015366,0.03,955.8911878780389
1013,Ocean-Freight,New York,9899,565.8180727413709,3503.776948684501,0.01,56.0103310206683
1014,Rail-Link,New York,13900,4497.576202138568,538.3241743879169,0.03,1875.4892762917825
1015,Rail-Link,London,2443,3082.80878866119,1649.8717170948453,0.03,225.9390561209786
1016,Air-Express,New York,11613,1965.792244607484,6186.93213823941,0.5,11414.372668313355
1017,Rail-Link,London,7761,2372.111552790058,2372.1481699118654,0.03,552.2987328361093
1018,Rail-Link,London,7676,2132.564562747604,5411.167970326378,0.03,491.08696750951833
1019,Ocean-Freight,Shanghai,13501,864.6749668812461,551.5769555400009,0.01,116.73976727863703
1020,Air-Express,Shanghai,779,333.7308073644785,3773.166855855824,0.5,129.98814946846437
1026,Rail-Link,Singapore,3206,1542.5600272218342,6267.352377273702,0.03,148.363423418196
1027,Rail-Link,Singapore,2403,1605.844588977931,3890.018266838897,0.03,115.76533641941904
1028,Air-Express,Shanghai,10095,368.3235283033059,4663.9282217882455,0.5,1859.1130091109367
1029,Air-Express,Singapore,3107,4248.666209672837,1977.3952937573931,0.5,6600.302956726751
1030,Rail-Link,Singapore,9801,3818.888626281343,4815.7643753752845,0.03,1122.8678227855032
1031,Ground-Truck,New York,6008,689.5331187388376,5592.767683181512,0.11,455.698647512123
1032,Ground-Truck,Singapore,12507,1713.5258960631695,828.011858539009,0.11,2357.4175220268266
1033,Ground-Truck,Shanghai,4327,4873.218027656281,2342.9274548581125,0.11,2319.50558462356
1034,Rail-Link,New York,9538,2243.4474429719767,809.101646990969,0.03,641.9400513320014
1035,Ocean-Freight,London,928,1001.2512638931408,1372.034536797013,0.01,9.291611728928347
1036,Rail-Link,Singapore,12949,4807.561357975826,5419.462972796052,0.03,1867.5933607328689
1037,Air-Express,New York,6959,2140.81593719522,4508.914896151922,0.5,7448.969053470768
1038,Air-Express,London,12446,2704.220664342299,3228.6826498980517,0.5,16828.365194202128
1039,Air-Express,Shanghai,10249,3114.6094589272466,611.2004448647382,0.5,15960.816172272675
1040,Ground-Truck,Shanghai,1320,1075.943427819847,7909.334087897392,0.11,156.2269857194418
1041,Rail-Link,London,172,2794.7563286135064,2847.6057100346547,0.03,14.42094265564569
1042,Rail-Link,Shanghai,7334,995.1001378043932,6039.367955887418,0.03,218.94193231972258
1043,Air-Express,Singapore,12493,679.363925349581,1375.9170529251037,0.5,4243.6467596961575
1044,Ground-Truck,Singapore,13089,1083.2660308652607,6020.796363465296,0.11,1559.675598579494
1045,Air-Express,Singapore,7774,422.3814182170208,5170.656678123001,0.5,1641.79657260956
1046,Ocean-Freight,Shanghai,7514,625.103345117089,5263.496966817171,0.01,46.97026535209807
1047,Rail-Link,New York,7580,3944.502877065114,2377.991389258539,0.03,896.9799542446068
1048,Rail-Link,Singapore,11244,2462.0717038970174,2712.0406246793787,0.03,830.5060271585419
1049,Rail-Link,London,11803,4329.10708940321,1887.968844147196,0.03,1532.8935292867825
1050,Rail-Link,Shanghai,11047,1267.091834390416,2198.4038258548308,0.03,419.92690483532766
1051,Air-Express,Shanghai,3628,4828.722197457111,7555.548310381575,0.5,8759.3020661872
1052,Air-Express,New York,6408,3946.572006370231,7332.020588307357,0.5,12644.81670841022
1053,Ground-Truck,London,11170,2576.56898889323,5580.356943613263,0.11,3165.8303166531123
1054,Ground-Truck,New York,8033,3904.220260631356,6297.9466879118845,0.11,3449.886148901685
1055,Ground-Truck,London,2930,2685.450774445171,6282.675146642483,0.11,865.5207846036786
1056,Rail-Link,Shanghai,14255,3148.211645738053,2891.372420340904,0.03,1346.3327102998785
1057,Ocean-Freight,Singapore,8966,2504.140589154346,4714.892369785392,0.01,224.52124522357863
1058,Rail-Link,Shanghai,662,2864.947261831331,4412.054595429279,0.03,56.89785261997024
1059,Ocean-Freight,London,1549,4948.049790274545,6077.922177114942,0.01,76.64529125135269
1060,Air-Express,London,12939,313.97925668061066,7579.298325918212,0.5,2031.2888010952106
1061,Ground-Truck,London,6536,4237.641430769073,6537.582848378669,0.11,3046.6946830657325
1062,Air-Express,Shanghai,6246,313.8967201658702,4252.262323666323,0.5,980.2994570780126
1063,Ground-Truck,Singapore,14294,1003.2889119070568,847.0104292272121,0.11,1577.5112877479417
1064,Ocean-Freight,Shanghai,517,2260.518740101927,1619.1351499543907,0.01,11.686881886326962
1065,Rail-Link,London,1283,4961.794296837708,2807.8775987759595,0.03,190.9794624852834
1066,Air-Express,London,10160,2363.0794552946486,3660.881215848873,0.5,12004.443632896815
1067,Ocean-Freight,Shanghai,2856,4013.020133583887,7292.752241081906,0.01,114.61185501515581
1068,Ocean-Freight,London,1711,3472.6860796203778,4669.036715054243,0.01,59.417658822304666
1069,Air-Express,London,11295,2104.310941994729,1722.116702592872,0.5,11884.096044915234
1070,Air-Express,London,5479,3441.987229261453,5557.230681693919,0.5,9429.324014561751
1071,Rail-Link,Shanghai,9416,151.12996795715517,5154.212634571838,0.03,42.69119334853719
1072,Air-Express,Singapore,12527,2912.364965616792,2351.26206034162,0.5,18241.597962140775
1073,Ground-Truck,Shanghai,1629,1612.5046349653403,2164.485381360959,0.11,288.9447055394393
1074,Ocean-Freight,Singapore,2563,4438.95263089338,2800.223503684095,0.01,113.77035592979732
1075,Air-Express,Shanghai,2297,2092.778145846496,6331.301155745395,0.5,2403.555700504701
1076,Ocean-Freight,Singapore,5737,2333.987360165192,7115.762427096297,0.01,133.90085485267707
1077,Rail-Link,London,13003,1171.4608502497829,3251.069721252935,0.03,456.97516307393784
1078,Rail-Link,Singapore,1073,1181.9108488177326,3643.991261836118,0.03,38.04571022344281
1079,Air-Express,New York,7809,1526.8934737433888,5680.533421550715,0.5,5961.755568231061
1080,Air-Express,New York,8451,3365.069024214206,928.2535277101396,0.5,14219.099161817127
1081,Ground-Truck,New York,8879,1792.875721047317,2814.56901256136,0.11,1751.0837879897042
1082,Ocean-Freight,Shanghai,5953,1443.3687009280893,2757.997056784234,0.01,85.92373876624916
1083,Ocean-Freight,Shanghai,10264,2395.918099585975,6825.086580155359,0.01,245.9170337415045
1084,Rail-Link,Singapore,12478,566.937967453299,6006.370608195674,0.03,212.22755873646796
1085,Rail-Link,Singapore,11062,3708.950387373317,1865.124800651479,0.03,1230.852275553709
1086,Ground-Truck,New York,7851,222.53196726700472,250.89395431296137,0.11,192.18083225145796
1087,Air-Express,Shanghai,5245,4060.875382886396,5351.457514060726,0.5,10649.645691619573
1088,Ground-Truck,London,8693,449.34978021969255,2986.828083880502,0.11,429.6817403394766
1089,Air-Express,London,8000,4193.821663439232,3190.590582492673,0.5,16775.286653756928
1090,Ground-Truck,New York,1189,4058.83785704691,3446.269530725516,0.11,530.8554033231652
1091,Ocean-Freight,New York,11741,2609.6016447667025,920.1979088686844,0.01,306.39332911205855
1092,Air-Express,New York,6128,877.433961875683,3332.58616611393,0.5,2688.4576591870928
1093,Air-Express,Shanghai,2315,4323.017017054218,814.3743359109399,0.5,5003.892197240257
1094,Rail-Link,Shanghai,4642,1054.143804191552,142.04831175217947,0.03,146.80006617171549
1095,Ground-Truck,Singapore,14516,982.577296106072,3866.723988240703,0.11,1568.9401233303317
1096,Air-Express,Shanghai,5600,4229.262454977443,4182.165501453824,0.5,11841.93487393684
1097,Air-Express,Shanghai,14740,1546.7897398232203,5596.507641131047,0.5,11399.840382497134
1098,Ocean-Freight,London,6113,2246.486874348157,323.79510857270054,0.01,137.32774262890283
1099,Air-Express,New York,1942,494.472456241168,1000.5322837543235,0.5,480.1327550101741
1100,Rail-Link,London,12465,3883.0686175256815,3666.0987512339543,0.03,1452.0735095237285
1101,Air-Express,New York,6158,1020.3918263798788,3827.081073160014,0.5,3141.786433423647
1102,Ocean-Freight,New York,14979,184.81235124302248,4576.909884380639,0.01,27.683042092692336
1103,Rail-Link,Shanghai,14408,1498.0395183354851,1969.6762075006136,0.03,647.5126014053301
1104,Air-Express,New York,646,4235.609222007882,3230.7197882773457,0.5,1368.1017787085457
1105,Ocean-Freight,Shanghai,3159,4086.283516473408,4592.512023073076,0.01,129.08569628539496
1106,Ocean-Freight,Singapore,7932,4099.395467591989,3836.6305426812182,0.01,325.1640484893965
1107,Air-Express,Shanghai,5265,2582.0242364761925,3279.8330294577454,0.5,6797.178802523576
1108,Rail-Link,London,7472,1148.8804158475273,6931.208751679132,0.03,257.5330340163817
1109,Ocean-Freight,Singapore,13412,4998.5465528134055,3769.889711743611,0.01,670.405063663334
1110,Air-Express,Shanghai,4553,3014.3403801676136,4504.274469586463,0.5,6862.1458754515725
1111,Rail-Link,Singapore,6256,2330.008563835368,4197.45588358979,0.03,437.2960072606218
1112,Rail-Link,New York,12570,4154.834235002049,2301.838085883252,0.03,1566.7879900192727
1113,Ocean-Freight,Singapore,12946,2331.538043049427,1413.032227531747,0.01,301.8409150531788
1114,Ground-Truck,Singapore,5346,1123.1833144278546,545.8054957821191,0.11,660.4991798824443
1115,Rail-Link,Shanghai,1232,4581.557576141328,1657.3317140311804,0.03,169.3343680141835
1116,Rail-Link,London,7282,4709.74892830771,5616.461904787649,0.03,1028.8917508781021
1117,Ground-Truck,London,2126,1041.5560499574358,5017.426132664945,0.11,243.57829784304596
1118,Ocean-Freight,London,12219,2488.625104054737,6106.179207530902,0.01,304.08510146444837
1119,Air-Express,London,10448,4894.615606742677,571.4401116940821,0.5,25569.471929623745
1120,Rail-Link,Shanghai,6484,3529.625243316384,1139.553605253417,0.03,686.582702329903
1121,Ground-Truck,New York,2733,4395.762771601359,6761.239832805883,0.11,1321.4981620265166
1122,Air-Express,Shanghai,6195,2020.4207094874355,6305.57194957582,0.5,6258.2531476373315
1123,Air-Express,Singapore,10925,4674.731044853533,6254.911486182088,0.5,25535.718332512424
1124,Rail-Link,New York,13343,95.56247765894152,2292.1714019137403,0.03,38.2527041820977
1125,Air-Express,London,1579,2207.338878121684,117.76359685247868,0.5,1742.6940442770695
1126,Air-Express,Shanghai,6658,78.59843231541646,1160.049119228945,0.5,261.6541811780214
1127,Ground-Truck,Shanghai,8708,389.6539396527039,6477.437191591551,0.11,373.241715714532
1128,Ocean-Freight,Shanghai,4386,587.2701469632211,3553.4388174419364,0.01,25.75766864580688
1129,Air-Express,Singapore,5232,4784.999877446841,297.3927521646335,0.5,12517.559679400938
1130,Rail-Link,Shanghai,2601,382.3952888922688,5386.092957698573,0.03,29.838304392263733
1131,Air-Express,Shanghai,14876,3352.206287736825,3832.515005144257,0.5,24933.710368186505
1132,Air-Express,New York,4273,2448.9815095654626,7185.55960783982,0.5,5232.248995186611
1133,Rail-Link,Shanghai,6024,2534.025291856554,5715.661445706349,0.03,457.94905074431637
1134,Air-Express,London,5832,4042.1048727770894,1022.8820392667228,0.5,11786.777809017995
1135,Ground-Truck,Shanghai,12393,2442.562701215756,4827.324901791567,0.11,3329.7747511783555
1136,Air-Express,London,4687,249.2723473929998,3660.793902017309,0.5,584.1697461154951
1137,Ocean-Freight,Singapore,3860,832.086339590234,5755.765500244711,0.01,32.11853270818303
1138,Ground-Truck,London,8308,4003.569950967051,4643.861567022893,0.11,3658.7825067897693
1139,Ocean-Freight,Singapore,8182,4230.019301559919,1604.6730726292296,0.01,346.1001792536325
1140,Ocean-Freight,London,11945,2206.9335133829177,5304.397567912604,0.01,263.61820817358955
1141,Air-Express,Shanghai,8892,600.0486941105034,6488.049944354632,0.5,2667.8164940152983
1142,Rail-Link,New York,10378,573.6189618147348,3880.983291020205,0.03,178.59052757139955
1143,Ocean-Freight,New York,14336,3954.762650927207,4364.245941217488,0.01,566.9547736369244
1144,Ocean-Freight,London,12505,4019.519790662421,7520.169738397152,0.01,502.6409498223358
1145,Air-Express,London,6031,3901.8457740187328,2700.969562068829,0.5,11766.01593155349
1146,Air-Express,Singapore,7235,3275.0606246648,2115.6211895220986,0.5,11847.531809724913
1147,Rail-Link,Singapore,10890,3762.465043907188,7349.451082191955,0.03,1229.1973298444782
1148,Ocean-Freight,London,7712,418.0153789904374,6876.575481324984,0.01,32.23734602774253
1149,Rail-Link,Singapore,11527,3575.551337316217,772.1342748492984,0.03,1236.461407957321
1150,Air-Express,New York,1018,4908.668934343584,6442.128590788234,0.5,2498.5124875808838
1151,Ocean-Freight,London,4750,3136.171336560446,6137.773874128998,0.01,148.96813848662117
1152,Rail-Link,Singapore,6988,3855.6752110701623,971.3009419856024,0.03,808.3037512487489
1153,Air-Express,New York,6455,2628.7255708369667,5196.587772520252,0.5,8484.21177987631
1154,Ocean-Freight,Shanghai,12458,437.70385086908937,4416.283176763571,0.01,54.52914574127115
1155,Rail-Link,New York,11800,4862.679409964906,129.30536233916305,0.03,1721.3885111275765
1156,Air-Express,London,5188,1803.929994134214,4279.049771816151,0.5,4679.394404784151
1157,Ocean-Freight,London,13708,4123.752786947418,2531.502302395048,0.01,565.2840320347522
1158,Rail-Link,Singapore,12866,3015.2427573554155,3410.535227551072,0.03,1163.8233994840432
1159,Ground-Truck,London,2406,113.24606357340228,2810.0795520437414,0.11,29.97170318533665
1160,Ocean-Freight,London,14791,2719.657041220287,1971.6230966858936,0.01,402.26447296689264
1161,Ground-Truck,Singapore,11224,3787.126314004493,893.5359685858682,0.11,4675.737632322507
1162,Air-Express,London,14287,2339.051307355263,6989.087779224833,0.5,16709.01301409232
1163,Ground-Truck,Singapore,5428,4421.4173897856535,3311.306109576963,0.11,2639.9398950932177
1164,Ocean-Freight,London,7755,1115.9082965064124,5491.960733614623,0.01,86.5386883940723
1165,Ocean-Freight,Singapore,13759,3788.770883425203,7649.993940972057,0.01,521.2969858504737
1166,Air-Express,New York,9914,1549.797443103563,1450.2854309012212,0.5,7682.345925464362
1167,Ground-Truck,London,13928,4655.754430906779,4842.405823444784,0.11,7132.988248503658
1168,Ocean-Freight,Singapore,12476,4322.911386651676,7671.499209119041,0.01,539.3264245986632
1169,Ground-Truck,Shanghai,14228,3337.500310064057,7376.522282232341,0.11,5223.454985275054
1170,Rail-Link,Shanghai,7745,421.651571521244,2089.720667174945,0.03,97.97074264296103
1171,Ocean-Freight,Shanghai,544,2321.1824155594627,3818.5792736437984,0.01,12.627232340643477
1172,Ocean-Freight,Singapore,4536,527.9109372299329,4528.823064972157,0.01,23.946040112749756
1173,Ocean-Freight,London,8210,4712.777734415275,1279.3656929540705,0.01,386.91905199549404
1174,Rail-Link,New York,8900,1671.6664523820652,7398.247140870564,0.03,446.3349427860114
1175,Rail-Link,New York,11619,2069.819867175368,5351.233221708938,0.03,721.4771111013179
1176,Rail-Link,New York,7461,982.787110360424,5652.931887763466,0.03,219.9772389119737
1177,Ocean-Freight,Shanghai,4374,3104.011170903097,5807.439094028677,0.01,135.76944861530146
1178,Ocean-Freight,New York,4673,249.05012508234464,7505.471540171198,0.01,11.638112345097966
1179,Rail-Link,London,11431,3293.039573427502,1373.094763821272,0.03,1129.2820609154933
1180,Ocean-Freight,Singapore,10087,1648.7244773181176,3807.828657944079,0.01,166.30683802707853
1181,Ground-Truck,London,6896,4233.028546460442,5658.682722868429,0.11,3211.006134203033
1182,Rail-Link,London,1497,1017.3830036258402,3371.8861333628606,0.03,45.690670692836484
1183,Ocean-Freight,London,1028,3748.1411135196686,4194.81558601884,0.01,38.53089064698219
1184,Air-Express,Singapore,681,2584.7466790200097,2218.6370994025283,0.5,880.1062442063132
1185,Rail-Link,New York,8963,4742.598631658919,4670.84090043273,0.03,1275.2373460667668
1186,Rail-Link,Singapore,13379,3267.8432463452223,3686.9455926705496,0.03,1311.6142437855817
1187,Air-Express,Singapore,13869,2863.7392461841646,7034.720760467048,0.5,19858.59980266409
1188,Ground-Truck,London,1546,4390.9007593204415,5182.361084810661,0.11,746.7165831300343
1189,Ground-Truck,New York,6621,4575.197107022349,5919.467497224747,0.11,3332.161805015447
1190,Rail-Link,Singapore,13789,4888.819255949414,4557.986868270944,0.03,2022.3578616085938
1191,Ground-Truck,New York,7698,4749.513391716585,4802.956200507199,0.11,4021.7929498377694
1192,Air-Express,London,3166,1937.0402047144696,5810.28212791426,0.5,3066.3346440630057
1193,Ocean-Freight,Shanghai,14304,3141.361037636847,2875.718112400318,0.01,449.3402828235746
1194,Ocean-Freight,New York,5075,2236.235214868838,3699.2759664990976,0.01,113.48893715459353
1195,Ground-Truck,London,776,1057.630540703577,6227.749036098582,0.11,90.27934295445733
1196,Air-Express,London,7532,2149.005170111752,4618.953927610927,0.5,8093.1534706408565
1197,Ground-Truck,Shanghai,14995,4449.423269443874,2068.509366719827,0.11,7339.101211784198
1198,Rail-Link,London,10200,2050.909687752801,1628.2804974427827,0.03,627.578364452357
1199,Air-Express,Singapore,2678,2145.726277291052,4233.364286177843,0.5,2873.127485292719
1200,Ocean-Freight,Shanghai,4533,1900.6165026434635,7287.051514550408,0.01,86.1549460648282
1201,Rail-Link,London,5937,1149.3843157467284,6969.28731957153,0.03,204.71684047764975
1202,Ground-Truck,Singapore,3261,840.6255028305028,1138.9768185185303,0.11,301.5407741203297
1203,Air-Express,Singapore,14875,1292.478903980906,1059.385857308867,0.5,9612.811848357987
1204,Air-Express,New York,2836,2850.394566381192,6613.821490134923,0.5,4041.85949512853
1205,Ground-Truck,Singapore,8255,246.8531814595908,399.2162562558244,0.11,224.1550314243814
1206,Ocean-Freight,New York,14950,2100.3766685222186,2400.3221010347925,0.01,314.00631194407174
1207,Ground-Truck,New York,3828,2475.140883325894,1299.0870600433486,0.11,1042.2323231508674
1208,Ocean-Freight,Shanghai,3713,896.5371411127555,4746.789496089569,0.01,33.288424049516614
1209,Air-Express,New York,11635,3715.735362203669,5689.45833768794,0.5,21616.290469619842
1210,Rail-Link,Shanghai,5363,1986.696375996269,2756.93863531054,0.03,319.63957993403966
1211,Air-Express,Shanghai,406,422.6100339565088,5099.642196957055,0.5,85.78983689317128
1212,Ground-Truck,Singapore,5959,756.0703235084195,2027.1289926487475,0.11,495.59653635653393
1213,Air-Express,Shanghai,3068,1194.0104206920687,6605.784957046805,0.5,1831.6119853416335
1214,Air-Express,Singapore,1356,1060.2655267746927,5127.1256829551485,0.5,718.8600271532417
1215,Rail-Link,London,3661,4118.052233388859,5962.091232519913,0.03,452.28567679309833
1216,Air-Express,Shanghai,14474,2685.043675177365,2401.7338731467,0.5,19431.661077258592
1217,Ground-Truck,Singapore,14688,1407.622310537587,5340.146708799409,0.11,2274.2672146893688
1218,Air-Express,Singapore,8271,3868.7604810534217,5447.494930980998,0.5,15999.258969396426
1219,Air-Express,Shanghai,12867,3898.1193763119063,2133.8525125312985,0.5,25078.55100750265
1220,Rail-Link,London,4668,4330.294605525475,4688.186020256486,0.03,606.4144565577875
1221,Rail-Link,London,14921,4130.682158020217,4518.825331002354,0.03,1849.0172543945894
1222,Ocean-Freight,New York,2658,875.8956295638939,2903.820952255013,0.01,23.2813058338083
1223,Air-Express,Singapore,9169,4479.066240251014,3584.91513231298,0.5,20534.279178430774
1224,Ocean-Freight,New York,3943,483.11155793083066,1265.3299023970048,0.01,19.049088729212652
1225,Ocean-Freight,London,13789,3297.876585552736,7434.071686184398,0.01,454.7442023818667
1226,Ground-Truck,London,1374,2006.0625828376349,2258.380749961268,0.11,303.19629877008015
1227,Ground-Truck,New York,14671,2568.622418371493,7459.925133977558,0.11,4145.268544992099
1228,Air-Express,Singapore,13327,2293.17205166354,7402.984147782808,0.5,15280.551966259998
1229,Ocean-Freight,Singapore,5113,2443.098138996703,3512.022596378657,0.01,124.91560784690141
1230,Ocean-Freight,New York,7549,658.2443484469313,4610.723079022513,0.01,49.69086586425885
1231,Ground-Truck,New York,7707,3969.663026561559,312.1266791437684,0.11,3365.361224028093
1232,Air-Express,New York,11605,73.69897537639821,4450.893223982016,0.5,427.63830462155056
1233,Ground-Truck,New York,8848,404.8552042302711,4679.626535150783,0.11,394.03747317323825
1234,Ocean-Freight,London,11841,4676.669219079715,6485.461686575907,0.01,553.764402231229
1235,Rail-Link,Shanghai,1865,2778.906917356376,1032.4147221490011,0.03,155.47984202608924
1236,Ocean-Freight,Singapore,12460,59.18609861119044,2949.489799861419,0.01,7.374587886954329
1237,Ground-Truck,New York,8778,4383.82851308622,7956.461083371269,0.11,4232.937135665792
1238,Ground-Truck,Singapore,14081,2384.0961125365206,5375.759408478232,0.11,3692.750309668942
1239,Ground-Truck,London,10416,4814.394555546714,757.3454508555226,0.11,5516.140705963204
1240,Ocean-Freight,New York,12818,4001.556088249388,2138.810722901264,0.01,512.9194593918066
1241,Air-Express,Singapore,6245,4870.21892731389,4579.398731366759,0.5,15207.258600537622
1242,Ocean-Freight,Singapore,5014,1420.389450639562,7750.750339407802,0.01,71.21832705506765
1243,Ground-Truck,Singapore,8191,3598.7029068085303,5694.058873068007,0.11,3242.4673060635537
1244,Ocean-Freight,New York,7663,3456.5559196202976,6778.714734802843,0.01,264.8758801205034
1245,Ocean-Freight,London,12447,4926.420861293187,1229.344234373005,0.01,613.191604605163
1246,Ground-Truck,London,10009,2544.610382226697,5576.355876038853,0.11,2801.5905847277713
1247,Ocean-Freight,Singapore,6927,1072.4019793038826,7970.284328812496,0.01,74.28528510637994
1248,Rail-Link,London,13260,542.1131714124119,4388.325096567767,0.03,215.65261958785746
1249,Ocean-Freight,Singapore,9092,4997.729733686064,4647.950537274538,0.01,454.3935873867369
1250,Air-Express,Shanghai,6790,4115.335138888661,6751.422092895068,0.5,13971.562796527005
1251,Air-Express,Singapore,7608,3172.252832093088,7408.848146780154,0.5,12067.249773282105
1252,Ground-Truck,Singapore,12937,354.95596384561816,3830.231318237737,0.11,505.1271834697839
1253,Ground-Truck,London,4599,2205.2697350892904,3110.871198811428,0.11,1115.623906284321
1254,Ocean-Freight,Singapore,2988,2957.4899812563035,7030.389037502834,0.01,88.36980063993835
1255,Air-Express,Shanghai,193,4715.346248372168,4604.352509622533,0.5,455.03091296791416
1256,Ocean-Freight,New York,9526,53.62525064386468,4813.616258424234,0.01,5.1083413763345495
1257,Ground-Truck,Singapore,11537,3492.5473943224865,1658.403325184257,0.11,4432.287121712839
1258,Ocean-Freight,London,6628,1002.9971327639184,5348.384019639611,0.01,66.47864995959252
1259,Air-Express,New York,8632,4097.292510829378,2120.8123431133354,0.5,17683.914476739596
1260,Rail-Link,Shanghai,12053,3402.9856321668804,5206.136860289854,0.03,1230.4855747352224
1261,Ground-Truck,Shanghai,12882,4186.188341040999,1829.111391468316,0.11,5931.912603021917
1262,Rail-Link,Singapore,9105,291.6316745499509,1568.3966315149569,0.03,79.6591919033191
1263,Rail-Link,Shanghai,8076,584.5296256183274,7339.129346644113,0.03,141.61983769480833
1264,Ground-Truck,London,10695,221.2665579315818,6323.687455883177,0.11,260.3090420786094
1265,Ground-Truck,Singapore,10144,530.2302107134352,4272.25787054363,0.11,591.6520783224795
1266,Rail-Link,New York,6588,1431.9231910360395,1037.1375772758158,0.03,283.00529947636284
1267,Air-Express,London,327,223.8867496146552,4278.663194314497,0.5,36.605483561996124
1268,Ground-Truck,London,7783,2914.4466108496285,7124.0410498102265,0.11,2495.145176946692
1269,Ocean-Freight,New York,1872,4932.77769421269,5246.6185133309145,0.01,92.34159843566157
1270,Air-Express,New York,8901,471.8677937329892,2425.939540726416,0.5,2100.0476160086682
1271,Air-Express,New York,203,2185.1509218754118,3366.82701076977,0.5,221.79281857035429
1272,Air-Express,London,6662,2327.642285517673,705.932941952347,0.5,7753.376453059369
1273,Ocean-Freight,London,5101,287.2102132822416,1062.3370816968218,0.01,14.650592979527143
1274,Ground-Truck,Shanghai,6959,2584.3715071861056,4324.193260798487,0.11,1978.310545035892
1275,Ocean-Freight,New York,11247,4473.088940193271,2015.693198817299,0.01,503.08831310353713
1276,Rail-Link,Singapore,1354,2415.6043077539657,2601.6018095356094,0.03,98.12184698096607
1277,Ocean-Freight,Singapore,10245,2585.2151527814235,583.4821791070817,0.01,264.8552924024568
1278,Rail-Link,Shanghai,3130,245.47907011146108,7174.645792730728,0.03,23.050484683466195
1279,Air-Express,London,11867,3304.006431164021,999.9917820525184,0.5,19604.322159311716
1280,Ground-Truck,London,1855,1776.275338103413,3953.993055079881,0.11,362.44898274000144
1281,Ground-Truck,Singapore,948,3159.457893769247,2573.191618396384,0.11,329.46826916225706
1282,Ground-Truck,Shanghai,10027,114.89691650509484,7133.31958279539,0.11,126.72785199762446
1283,Rail-Link,Shanghai,3311,4755.560168455539,1883.9357657751584,0.03,472.3697915326886
1284,Ground-Truck,London,13322,3344.121315555459,3421.4430968800225,0.11,4900.542258241281
1285,Ocean-Freight,Singapore,11818,4545.506308947904,5669.782618565252,0.01,537.1879355914632
1286,Ground-Truck,New York,4301,3862.808216162382,7935.341461006742,0.11,1827.5331951485846
1287,Rail-Link,Shanghai,12283,589.4561221436388,3240.270329510756,0.03,217.20868644870947
1288,Ground-Truck,Singapore,5392,512.93951301325,3324.9229819758125,0.11,304.2346839584188
1289,Ocean-Freight,Shanghai,14502,4583.919088264134,1207.863814181572,0.01,664.7599461800647
1290,Air-Express,London,438,1430.877797323763,6974.995162597648,0.5,313.3622376139041
1291,Air-Express,Shanghai,10613,3623.2094884295952,2352.9282106675214,0.5,19226.561150351645
1292,Air-Express,New York,2855,2661.6761260882035,305.7954817991736,0.5,3799.5426699909103
1293,Ocean-Freight,London,7861,4707.152310660514,2863.405544953824,0.01,370.029243141023
1294,Ground-Truck,Shanghai,7284,158.15104879348718,555.1092661304251,0.11,126.71694633529368
1295,Ground-Truck,Shanghai,6174,4520.501019225733,2953.433096582768,0.11,3070.0530621969647
1296,Ocean-Freight,Shanghai,14939,2622.732594838319,2550.335553485941,0.01,391.8100223428965
1297,Ocean-Freight,London,7264,180.00592393904304,1354.1579272636202,0.01,13.075630314932086
1298,Ocean-Freight,New York,8575,2439.899626030321,7354.017001102968,0.01,209.22139293210003
1299,Air-Express,Singapore,5431,1973.765909671908,3891.948010411307,0.5,5359.761327714066
1300,Ground-Truck,London,4404,3364.2572485348023,2525.3564116733774,0.11,1629.7807814801997
1301,Air-Express,London,11364,2365.1434769123257,6687.687472863679,0.5,13438.745235815835
1302,Ocean-Freight,Shanghai,10338,2896.7609724551044,4295.106266691542,0.01,299.4671493324087
1303,Rail-Link,New York,14314,577.9055603155778,3207.7258129868137,0.03,248.16420571071535
1304,Ocean-Freight,Singapore,12116,2428.564873430459,1014.2435085303364,0.01,294.24492006483445
1305,Ocean-Freight,Shanghai,13300,634.6421350724316,2767.027909929288,0.01,84.40740396463342
1306,Ground-Truck,Shanghai,6555,2653.797254299719,3549.6017641295466,0.11,1913.5205102128125
1307,Ground-Truck,Singapore,8974,956.777973553856,5236.0234611537135,0.11,944.4738088139533
1308,Air-Express,New York,14190,4452.656457825679,6504.496308720326,0.5,31591.5975682732
1309,Rail-Link,Shanghai,1713,3562.052456518164,5766.629354363402,0.03,183.05387574046847
1310,Rail-Link,London,6493,4502.206869880806,2266.110150653743,0.03,876.9848761840822
1311,Rail-Link,New York,12067,2387.291473756803,2864.125872490445,0.03,864.2233864147003
1312,Ocean-Freight,Singapore,10953,688.1262932347613,4879.702509711062,0.01,75.3704728980034
1313,Rail-Link,Singapore,8869,408.00759212029885,7703.939979410869,0.03,108.5585800354479
1314,Ocean-Freight,London,2970,2446.0649053636557,3451.504399750862,0.01,72.64812768930058
1315,Ground-Truck,Singapore,8314,113.65755056596949,6432.0620319909085,0.11,103.94437629460174
1316,Ocean-Freight,London,233,1800.7162474503473,7153.741899095296,0.01,4.195668856559309
1317,Rail-Link,Singapore,11660,2347.863244196605,5851.806870985449,0.03,821.2825628199724
1318,Ground-Truck,New York,14681,782.7134596560734,5246.574294445486,0.11,1264.0117931331895
1319,Air-Express,New York,4405,1666.5144445837338,3426.5090590004006,0.5,3670.498064195674
1320,Ocean-Freight,London,5571,69.19319557897191,4423.19335134731,0.01,3.854752925704525
1321,Rail-Link,Singapore,3875,1867.471461224533,205.11477218109636,0.03,217.09355736735193
1322,Air-Express,New York,1735,1493.3811656408584,3060.0449869246413,0.5,1295.5081611934447
1323,Ocean-Freight,Singapore,12438,3252.498797782016,5434.7497978582005,0.01,404.5458004681272
1324,Ocean-Freight,Singapore,1540,1828.2814791985004,712.4767550309642,0.01,28.15553477965691
1325,Rail-Link,New York,12112,938.1000126179516,2643.009965141828,0.03,340.8680205848589
1326,Rail-Link,Singapore,9905,1982.7506332157025,2893.7879873836737,0.03,589.1743506600459
1327,Ocean-Freight,London,7778,672.6407089610733,3719.9815120162634,0.01,52.31799434299228
1328,Ocean-Freight,New York,10984,1600.8182394241048,6139.053165222655,0.01,175.83387541834367
1329,Rail-Link,Shanghai,11840,2710.3378400519746,1170.943301593445,0.03,962.7120007864613
1330,Rail-Link,London,3548,3723.833574805533,1227.8908980869564,0.03,396.3648457023009
1331,Ground-Truck,New York,10961,2998.0896602013795,3041.9605817210104,0.11,3614.8266842014054
1332,Air-Express,New York,3162,4612.232178607092,2563.5502560583577,0.5,7291.939074377811
1333,Ocean-Freight,London,608,2318.5387886602894,6607.504167166489,0.01,14.096715835054558
1334,Air-Express,Singapore,3428,1504.3684924081642,346.12638953661354,0.5,2578.4875959875935
1335,Ground-Truck,New York,10490,2417.569643298669,6716.669507373105,0.11,2789.633611402334
1336,Ocean-Freight,Shanghai,2886,4722.09924563569,6351.903966229983,0.01,136.27978422904602
1337,Ocean-Freight,Singapore,10752,7.558874016145774,4883.873143405661,0.01,0.8127301342159936
1338,Ocean-Freight,Shanghai,1459,3523.369705243205,1338.7133256371897,0.01,51.40596399949836
1339,Ground-Truck,Singapore,4989,721.2396699284792,6002.35922691661,0.11,395.8091184600501
1340,Ocean-Freight,Singapore,4534,792.2639826586185,783.0421837953866,0.01,35.92124897374176
1341,Ground-Truck,London,13280,2522.3693452215966,2151.971948969165,0.11,3684.677139499708
1342,Rail-Link,New York,5434,3912.9919412726,1270.6563088703188,0.03,637.8959462662592
1343,Ocean-Freight,London,13653,2369.8016105800807,343.6560666320411,0.01,323.5490138924984
1344,Air-Express,New York,1598,4930.949357140858,7279.1281864062785,0.5,3939.8285363555456
1345,Rail-Link,Singapore,13914,742.5382134882918,3923.009145507365,0.03,309.9503010742828
1346,Ground-Truck,London,2213,4876.451951860258,6011.9346277508375,0.11,1187.0746986413426
1347,Air-Express,New York,1545,3404.4528459655344,7302.949463763002,0.5,2629.9398235083754
1348,Ground-Truck,Shanghai,10519,4292.799640597338,2761.787891305442,0.11,4967.155536138775
1349,Air-Express,Singapore,3806,3204.5900692939645,7451.913526728946,0.5,6098.334901866414
1350,Ocean-Freight,London,14089,2379.924711792443,263.653212125721,0.01,335.30759264443725
1351,Air-Express,London,4125,4445.241855578804,6835.960321394061,0.5,9168.311327131283
1352,Rail-Link,Shanghai,3322,3126.594092345201,6957.332192910948,0.03,311.5963672431227
1353,Rail-Link,London,5453,608.5551263600682,3427.6011496642877,0.03,99.55353312124356
1354,Rail-Link,London,2272,2337.662248443339,1634.1681684811797,0.03,159.335058853898
1355,Rail-Link,New York,7899,1091.2387103305728,4533.251234372508,0.03,258.5908371870358
1356,Air-Express,Shanghai,2873,3989.2662610496914,2992.308029595428,0.5,5730.580983997882
1357,Air-Express,London,5307,3946.2161203891856,6772.779746221673,0.5,10471.284475452703
1358,Ocean-Freight,London,3380,491.1733420438031,1590.981280486042,0.01,16.601658961080545
1359,Rail-Link,New York,11257,31.86676524451236,7290.464179509209,0.03,10.761725290724268
1360,Ocean-Freight,London,6798,2357.9931837473323,6731.7452410957385,0.01,160.29637663114366
1361,Ocean-Freight,Shanghai,2828,3830.616135912144,7508.523030389059,0.01,108.32982432359542
1362,Rail-Link,New York,10570,3636.824412488087,6514.97808078728,0.03,1153.2370211999723
1363,Ocean-Freight,Singapore,5739,277.7246706007254,5606.79823424902,0.01,15.938618845775633
1364,Ground-Truck,Shanghai,7662,1557.7556142371538,1348.8486396998424,0.11,1312.907586791358
1365,Ground-Truck,New York,10102,2420.142778478473,3024.956802577209,0.11,2689.3110583008483
1366,Ground-Truck,London,11926,2888.607388465762,1565.6397203906895,0.11,3789.4484886326945
1367,Ground-Truck,London,7750,2021.338149699668,3464.79532613226,0.11,1723.1907726189668
1368,Ground-Truck,London,4526,2754.025486401797,7145.486754073542,0.11,1371.1191286599985
1369,Rail-Link,Shanghai,10639,4642.376782110131,1958.2291724390373,0.03,1481.7073975460903
1370,Air-Express,Shanghai,3049,226.525326216257,1564.987845091324,0.5,345.3378598166838
1371,Air-Express,Singapore,8132,2198.312590221585,3388.162319194457,0.5,8938.338991840965
1372,Ocean-Freight,Singapore,12793,853.9541821090266,4282.409022213787,0.01,109.24635851720778
1373,Ground-Truck,Singapore,10617,1444.127041186481,5664.788629396948,0.11,1686.5526475904553
1374,Ocean-Freight,Shanghai,3929,1080.2497518705366,6742.085592968534,0.01,42.443012750993375
1375,Air-Express,Singapore,6185,1786.398851679354,6470.285398584234,0.5,5524.438448818402
1376,Air-Express,Singapore,9345,3547.9258215008854,3347.3693735879697,0.5,16577.683400962887
1377,Ocean-Freight,Singapore,9917,1164.8351433276637,3952.0659597999215,0.01,115.5167011638044
1378,Rail-Link,New York,8338,3099.5312213657885,3559.6139021444583,0.03,775.3167397124383
1379,Ocean-Freight,Shanghai,3022,2561.446658566415,411.2655163218737,0.01,77.40691802187706
1380,Ocean-Freight,Singapore,13220,4182.927586174351,4418.76627586965,0.01,552.9830268922493
1381,Ground-Truck,Singapore,607,1185.9956014113511,4162.435480448166,0.11,79.18892630623591
1382,Air-Express,New York,12272,1174.3647772087834,2124.338756683461,0.5,7205.902272953094
1383,Rail-Link,Singapore,13584,889.0510071358826,2763.8781787205057,0.03,362.30606642801484
1384,Ground-Truck,Singapore,861,1841.1362863342663,1131.169039088297,0.11,174.37401767871836
1385,Ocean-Freight,New York,5454,185.16427663022552,1004.4222711550998,0.01,10.098859647412501
1386,Ocean-Freight,Singapore,3177,2658.925699837154,2806.1186121489086,0.01,84.47406948382638
1387,Rail-Link,London,13995,2315.412703374236,3005.1439058530327,0.03,972.126023511673
1388,Ground-Truck,New York,7468,4045.371610296317,3244.034690380131,0.11,3323.1918704262184
1389,Ocean-Freight,Shanghai,4679,3785.7288811174017,2598.132868603324,0.01,177.13425434748322
1390,Ocean-Freight,New York,3902,1180.6216641659555,7148.1326721196765,0.01,46.06785733575558
1391,Ocean-Freight,Singapore,12783,4331.194298470843,7498.016346875488,0.01,553.6565671735278
1392,Ocean-Freight,New York,14239,4805.399727323093,4586.038715746377,0.01,684.2408671735354
1393,Rail-Link,London,9909,2770.6421516212868,4373.094297215027,0.03,823.6287924124598
1394,Air-Express,Singapore,9546,4020.553619106972,1354.49673482578,0.5,19190.102423997574
1395,Ocean-Freight,Singapore,11678,2725.7215668194417,4979.787357699419,0.01,318.3097645731744
1396,Rail-Link,London,14722,3293.86663323467,4236.89068187679,0.03,1454.7691372344243
1397,Ground-Truck,Shanghai,14609,2101.451702628998,3110.6533271787,0.11,3377.0118716077736
1398,Ocean-Freight,Singapore,6796,4768.336616935612,4510.879084454517,0.01,324.05615648694425
1399,Ocean-Freight,New York,11229,1537.807634507987,3618.270227845129,0.01,172.68041927890187
1400,Ground-Truck,New York,4448,2809.768441074923,7813.464993515782,0.11,1374.7635028491381
1401,Air-Express,Singapore,3799,3694.379713597335,1638.8498407865454,0.5,7017.474265978138
1402,Ocean-Freight,Singapore,7696,4480.157156576702,6667.26355950867,0.01,344.79289477014294
1403,Rail-Link,Singapore,12395,4865.912863777206,7120.0145966263535,0.03,1809.389698395554
1404,Rail-Link,Singapore,8175,2748.13625869801,2157.828212247868,0.03,673.9804174456868
1405,Ocean-Freight,New York,3140,3328.204730341852,5910.962284721216,0.01,104.50562853273415
1406,Air-Express,London,14144,2873.078450754622,2410.3904503876483,0.5,20318.410803736686
1407,Ground-Truck,Singapore,3519,1188.9034740714435,7654.478237092581,0.11,460.2126457783151
1408,Ground-Truck,London,9862,2676.942251842981,5104.135819441931,0.11,2904.000493644303
1409,Rail-Link,Shanghai,9494,4150.9961805517405,7533.74233809886,0.03,1182.2867321447468
1410,Air-Express,New York,12141,3556.7745930286765,3082.4959653001406,0.5,21591.40016698058
1411,Air-Express,Shanghai,13888,2822.594247475752,6195.009093016745,0.5,19600.094454471622
1412,Ocean-Freight,Shanghai,11665,194.73759247380676,2760.5214022606983,0.01,22.71614016206956
1413,Ground-Truck,Shanghai,3078,3953.395592486325,6276.439028445408,0.11,1338.54067970402
1414,Air-Express,London,9860,2264.339519021411,1844.560980700788,0.5,11163.193828775555
1415,Ocean-Freight,London,10185,320.81768494103585,5954.308368890281,0.01,32.6752812112445
1416,Ocean-Freight,Singapore,13130,3386.4425059459336,5721.2294934809925,0.01,444.6399010307011
1417,Rail-Link,London,3878,645.1475915629846,4211.232240009149,0.03,75.05647080243763
1418,Ocean-Freight,Shanghai,1884,1968.0125860008304,554.483561726669,0.01,37.07735712025565
1419,Air-Express,Singapore,1117,766.7649066622897,6395.583386243652,0.5,428.2382003708888
1420,Air-Express,Singapore,2497,651.765235670649,6575.494679613694,0.5,813.7288967348052
1421,Rail-Link,Singapore,9837,3600.5578885857235,5147.401469613472,0.03,1062.5606385005328
1422,Rail-Link,Shanghai,10157,141.04890605688365,2647.67301074171,0.03,42.979012164593016
1423,Ocean-Freight,Singapore,1262,3498.422945205902,5890.013876382542,0.01,44.15009756849849
1424,Rail-Link,Shanghai,9612,488.6948293713412,1264.7612724152225,0.03,140.92004099751995
1425,Ground-Truck,New York,1120,2190.829693925913,5730.388190020969,0.11,269.9102182916725
1426,Air-Express,Singapore,5763,764.8578964338128,759.9058786335748,0.5,2203.9380285740317
1427,Air-Express,London,10117,1522.5522056111636,3534.906341179684,0.5,7701.8303320840705
1428,Rail-Link,London,13470,4080.899984859605,3938.71966239278,0.03,1649.0916838817664
1429,Air-Express,Shanghai,7751,2860.468901067469,2283.133885809808,0.5,11085.747226086974
1430,Rail-Link,Singapore,1567,345.9383708516166,6401.221510245106,0.03,16.262562813734494
1431,Ground-Truck,Singapore,280,2778.2279479722883,4582.696936780903,0.11,85.56942079754648
1432,Ground-Truck,London,7389,301.6716519967914,2093.515724700719,0.11,245.19570202647208
1433,Air-Express,Shanghai,8817,3291.0424100563264,2594.439375124562,0.5,14508.560464733315
1434,Ocean-Freight,Singapore,3540,3466.121519307781,6310.6168375337365,0.01,122.70070178349545
1435,Ocean-Freight,New York,13219,1370.945982201197,4603.957377797689,0.01,181.22534938717624
1436,Air-Express,New York,10350,3689.05062519338,779.7523751818995,0.5,19090.83698537574
1437,Ground-Truck,Singapore,5370,2459.3686230761828,7030.233383894016,0.11,1452.749045651101
1438,Rail-Link,London,3695,934.5869895371824,783.3923011895646,0.03,103.59896779019665
1439,Rail-Link,London,1749,182.9448133393686,2672.37168640616,0.03,9.59911435591667
1440,Air-Express,London,12160,4595.105327096367,221.4939277720239,0.5,27938.240388745908
1441,Ocean-Freight,Shanghai,8751,1389.0349851130652,5536.523125535656,0.01,121.55445154724434
1442,Air-Express,Shanghai,9178,4808.505698374742,280.4711255346808,0.5,22066.232649841688
1443,Ground-Truck,Shanghai,9368,1901.4566414761323,6234.763998382516,0.11,1959.4130399083247
1444,Ground-Truck,Shanghai,5264,2541.393981817943,242.416351396284,0.11,1471.5687712318615
1445,Rail-Link,Singapore,4384,2910.355561562728,4977.662270274014,0.03,382.76996345672995
1446,Rail-Link,London,13399,2531.4934829114186,4802.402108310362,0.03,1017.584435325903
1447,Ocean-Freight,New York,10336,822.6608234932775,6338.677933980809,0.01,85.03022271626516
1448,Air-Express,New York,11176,4281.989737553646,5280.886336436062,0.5,23927.758653449775
1449,Rail-Link,New York,10440,1114.9293243291045,3871.523302085184,0.03,349.1958643798755
1450,Ground-Truck,New York,12935,68.2284140469733,364.4376589773261,0.11,97.07879892673596
1451,Air-Express,Singapore,2236,3077.5599079705357,2016.446510283169,0.5,3440.711977111059
1452,Air-Express,Shanghai,4823,4042.4656966737953,3312.394426097307,0.5,9748.406027528858
1453,Air-Express,Singapore,1788,2514.021947778632,6647.560221705057,0.5,2247.5356213140967
1454,Rail-Link,Singapore,8048,893.6026719574448,7524.663880000923,0.03,215.75142911740548
1455,Air-Express,New York,426,4182.336431517159,3920.3303550754754,0.5,890.8376599131549
1456,Ground-Truck,New York,4427,2034.365814313656,5071.247513232871,0.11,990.6751205963211
1457,Rail-Link,London,5441,2646.208899812524,7754.3744670442575,0.03,431.9406787163983
1458,Ocean-Freight,Singapore,14643,3791.992646550552,457.8413605261177,0.01,555.2614832343974
1459,Ocean-Freight,London,8565,1403.1839210862886,3624.429063042485,0.01,120.18270284104062
1460,Ground-Truck,New York,8595,1580.3768682513391,6129.294201016523,0.11,1494.1673100882285
1461,Ocean-Freight,London,3117,4233.56507475776,1715.1657217376187,0.01,131.96022338019938
1462,Ocean-Freight,New York,11816,4255.558673573243,6917.030289820582,0.01,502.8368128694144
1463,Ground-Truck,Singapore,12601,162.11489690337024,5200.267026524503,0.11,224.70907974673054
1464,Ocean-Freight,Shanghai,3181,1337.945007589377,3848.2762236822887,0.01,42.56003069141808
1465,Ground-Truck,Shanghai,962,2183.8192808632043,7122.388330698536,0.11,231.0917563009443
1466,Rail-Link,Singapore,14983,3831.322067245261,1044.5838734847182,0.03,1722.1409560060722
1467,Rail-Link,Singapore,5957,1349.045167429155,5096.803737674396,0.03,241.0878618712643
1468,Ground-Truck,New York,7466,3993.5573944058287,5530.469179399902,0.11,3279.748945729731
1469,Ground-Truck,New York,6862,4385.904928511613,6344.175546470838,0.11,3310.568758139136
1470,Rail-Link,London,12341,3077.3076911625417,866.4166596112217,0.03,1139.3116264991077
1471,Air-Express,Shanghai,7301,2432.369394644336,2705.484409958662,0.5,8879.364475149148
1472,Rail-Link,Singapore,9099,4903.641148128721,3598.5893091519024,0.03,1338.546924204697
1473,Ocean-Freight,Shanghai,4645,864.2870405976612,1789.99142377684,0.01,40.14613303576136
1474,Ground-Truck,Singapore,10074,4947.628847791234,2607.737288904113,0.11,5482.665431391378
1475,Ocean-Freight,Shanghai,5058,2124.9255598168625,6211.665112697365,0.01,107.4787348155369
1476,Ground-Truck,Shanghai,5785,203.61390646831023,1747.149226612372,0.11,129.56970938110922
1477,Ground-Truck,London,4966,1115.728840915615,3596.516411848729,0.11,609.4780366385638
1478,Ocean-Freight,Singapore,1607,1789.4464201041717,4461.23987847758,0.01,28.756403971074043
1479,Rail-Link,New York,13018,289.9984352168718,4395.263811224515,0.03,113.25598888959713
1480,Air-Express,London,2909,404.8406104854754,1147.642571766317,0.5,588.8406679511239
1481,Air-Express,London,9051,3698.494117860008,7141.899526174113,0.5,16737.535130375465
1482,Ground-Truck,London,8491,2296.7528085851345,3724.419620412578,0.11,2145.1900907466015
1483,Ground-Truck,Singapore,3447,83.15127833656179,5061.6178861723765,0.11,31.528470206874136
1484,Ocean-Freight,Shanghai,1259,2616.675178997749,3702.5393283289673,0.01,32.94394050358166
1485,Rail-Link,Singapore,11235,4400.636963016601,7057.931416337635,0.03,1483.2346883847454
1486,Air-Express,Shanghai,3190,1718.355589950953,6163.695635017305,0.5,2740.7771659717696
1487,Ground-Truck,New York,1542,2276.7116940098,5783.425576927567,0.11,386.1758375379423
1488,Ground-Truck,Shanghai,13688,4075.113180069446,450.3464712791328,0.11,6135.816412966965
1489,Rail-Link,New York,4190,3731.243812436708,3533.8479619050017,0.03,469.01734722329417
1490,Ground-Truck,Shanghai,14626,2641.4497493530566,3144.360773252009,0.11,4249.722843744159
1491,Rail-Link,London,12533,3968.453940713863,5687.688220409241,0.03,1492.0989971690053
1492,Rail-Link,Shanghai,13852,779.7444260468363,2575.970328825714,0.03,324.0305936880233
1493,Ground-Truck,New York,1546,1253.7704067344555,7571.903392899352,0.11,213.2161953692615
1494,Air-Express,Singapore,12012,1262.4989788998334,7680.048193808486,0.5,7582.5688672724
1495,Rail-Link,Singapore,7144,2211.8774845841854,4582.606524687083,0.03,474.0495824960826
1496,Ocean-Freight,Singapore,3033,4030.594551426509,2774.2249591507725,0.01,122.247932744766
1497,Ocean-Freight,Shanghai,5050,3476.8109085114597,491.3554966202136,0.01,175.57895087982874
1498,Air-Express,Shanghai,7382,2354.1768597428354,6984.172767771576,0.5,8689.266789310806
1499,Rail-Link,Shanghai,701,4698.3836253081,6927.435977503588,0.03,98.80700764022934
1500,Air-Express,Shanghai,9755,4545.23220431025,280.9097400252268,0.5,22169.370076523246
1501,Air-Express,New York,9811,2065.05558509318,188.0409381140088,0.5,10130.130172674595
1502,Ocean-Freight,Singapore,14852,517.0089946693573,6484.672998542381,0.01,76.78617588829296
1503,Ground-Truck,New York,7968,347.6032498302041,3255.6483617875942,0.11,304.6672964111773
1504,Ocean-Freight,London,508,4091.161718738488,1948.3874279629097,0.01,20.78310153119152
1505,Ocean-Freight,London,13907,973.3291879852424,847.129356455504,0.01,135.36089017310766
1506,Ground-Truck,London,11181,3620.5956882177143,3880.597197303744,0.11,4453.006842895849
1507,Air-Express,Singapore,1910,159.75649476634456,3796.6343213275777,0.5,152.56745250185907
1508,Air-Express,New York,5783,2818.382704444297,6183.119415853621,0.5,8149.353589900685
1509,Rail-Link,London,14907,670.898272705955,2995.6363655292585,0.03,300.0324165368301
1510,Rail-Link,London,13846,3923.125139283803,1826.5231321229728,0.03,1629.5877203557059
1511,Ground-Truck,New York,4829,3507.660419254012,1913.2109358106025,0.11,1863.2341381035385
1512,Ocean-Freight,Singapore,13547,170.30418520294992,5404.518057662021,0.01,23.071107969443627
1513,Rail-Link,London,8739,2951.311641068992,565.442425111594,0.03,773.7453729390576
1514,Ground-Truck,London,3929,1080.5555327235425,4862.997604618799,0.11,467.0052956877878
1515,Ground-Truck,London,6740,563.3022603793141,6478.356344576848,0.11,417.63229584522344
1516,Ocean-Freight,Singapore,12204,2836.9300420117074,1883.210834241405,0.01,346.21894232710883
1517,Ocean-Freight,New York,4489,4309.606153190033,502.03485347142106,0.01,193.45822021670062
1518,Air-Express,London,8328,4078.157902926685,2973.858184605105,0.5,16981.449507786714
1519,Rail-Link,New York,14309,3784.4149809458177,568.8438892875158,0.03,1624.5358188706114
1520,Ground-Truck,Singapore,13594,2323.8768276591145,3020.548283362744,0.11,3474.98597547178
1521,Air-Express,Singapore,1767,4266.966836292626,2026.208975961272,0.5,3769.8651998645355
1522,Ocean-Freight,New York,14177,3154.2584529813694,3703.978281291557,0.01,447.1792208791687
1523,Air-Express,London,9821,4904.687500619749,5388.252942417209,0.5,24084.467971793278
1524,Air-Express,Singapore,9215,4433.442038408412,3100.386656291588,0.5,20427.084191966762
1525,Ground-Truck,London,1371,1181.158279841649,1777.7815885028815,0.11,178.1304801829191
1526,Ocean-Freight,Singapore,1239,1264.2740310482063,7578.353467990562,0.01,15.664355244687277
1527,Air-Express,New York,14247,2895.97834806858,5285.512716994489,0.5,20629.50176246653
1528,Ocean-Freight,London,2173,2510.1632291327014,6036.077493182208,0.01,54.54584696905361
1529,Air-Express,London,11052,4205.18737740828,6748.804559477664,0.5,23237.86544755815
1530,Ocean-Freight,New York,9721,356.3309410800935,1125.7047226169575,0.01,34.63893078239589
1531,Air-Express,New York,6878,1967.7580104892277,3167.2984810061635,0.5,6767.119798072454
1532,Ground-Truck,New York,1206,2396.151365839852,1827.1057418778696,0.11,317.8734401923148
1533,Air-Express,London,5719,1071.563540445215,7607.045009882004,0.5,3064.1359439030925
1534,Ocean-Freight,London,972,1827.2240518628264,2076.7309800589937,0.01,17.760617784106675
1535,Air-Express,New York,7671,3489.1216738797257,3133.399569694838,0.5,13382.526180165689
1536,Air-Express,Singapore,8431,3794.225750197483,2991.56514839425,0.5,15994.558649957491
1537,Ocean-Freight,London,5307,4563.0151770662615,6662.58730543512,0.01,242.1592154469065
1538,Air-Express,New York,2482,4289.216362344492,3156.643387044381,0.5,5322.917505669515
1539,Ground-Truck,New York,14440,867.4499052159396,4916.269008744587,0.11,1377.8574294449984
1540,Ocean-Freight,Shanghai,12574,3174.0466806904305,4834.561408127994,0.01,399.10462963001476
1541,Ocean-Freight,London,2007,3658.515215609009,1918.2708849816927,0.01,73.4264003772728
1542,Air-Express,Singapore,5157,4515.435672036067,5666.329267318331,0.5,11643.050880345001
1543,Rail-Link,New York,2189,1141.8486464176908,6921.821185963087,0.03,74.98520061024976
1544,Ground-Truck,Singapore,1436,477.327411379631,274.7878859586152,0.11,75.39863790152651
1545,Air-Express,London,577,3028.2737154175666,4138.667739921026,0.5,873.6569668979679
1546,Air-Express,London,3774,697.6482570271654,5740.689302507582,0.5,1316.462261010261
1547,Rail-Link,Singapore,5108,2396.102488450793,7093.595818169656,0.03,367.1787453301995
1548,Air-Express,Shanghai,8837,4423.872741992956,7401.619067576627,0.5,19546.881710495876
1549,Ground-Truck,New York,9822,3743.6820199783056,4114.15621760224,0.11,4044.7489280249606
1550,Air-Express,New York,10235,4747.325627925771,5888.617523596983,0.5,24294.438900910132
1551,Rail-Link,Shanghai,8341,2326.220839514568,5226.807934719369,0.03,582.0902406717304
1552,Ground-Truck,Singapore,9641,3048.0423328517586,991.0070093196994,0.11,3232.4793744126187
1553,Ground-Truck,Singapore,3273,3409.278982139614,7085.829712029644,0.11,1227.4427119397253
1554,Air-Express,London,454,947.6520048721115,6141.704773369252,0.5,215.11700510596933
1555,Air-Express,New York,13326,727.212178344508,5031.873574213661,0.5,4845.414744309456
1556,Ocean-Freight,London,5924,1537.0263658131032,3845.229325037096,0.01,91.05344191076823
1557,Rail-Link,London,14728,347.7064240013753,7125.052900295045,0.03,153.63060638076766
1558,Ground-Truck,New York,1727,2765.9165036388663,5980.71249639493,0.11,525.4411581962754
1559,Air-Express,Shanghai,2510,94.22345896133132,608.1120227687065,0.5,118.2504409964708
1560,Ground-Truck,New York,9525,129.13305897269532,4705.431717691748,0.11,135.29916253864153
1561,Ground-Truck,Singapore,913,3842.1261341773375,6513.287000361113,0.11,385.86472765543
1562,Rail-Link,New York,4480,3260.5441189077733,236.4097363777976,0.03,438.21712958120474
1563,Ground-Truck,London,2510,1068.6831983175875,1392.416984206301,0.11,295.0634310554859
1564,Ocean-Freight,Shanghai,13938,2670.7417926967114,2460.2560169034846,0.01,372.24799106606764
1565,Rail-Link,London,5689,4583.5651389544455,4513.428567302387,0.03,782.2770622653552
1566,Ocean-Freight,London,1499,1783.2921905805297,4105.787552499702,0.01,26.73154993680214
1567,Ocean-Freight,New York,6924,3303.811286987396,7281.974944072967,0.01,228.75589351100732
1568,Air-Express,Shanghai,10386,1214.9811819473252,6155.125525196957,0.5,6309.39727785246
1569,Rail-Link,Singapore,1660,4010.058998027143,7779.942445484697,0.03,199.7009381017517
1570,Ground-Truck,Singapore,8688,4014.4463377734583,4140.243044161738,0.11,3836.5260760833385
1571,Ground-Truck,Shanghai,3496,297.5632034233244,5725.734873816661,0.11,114.43090550847364
1572,Ground-Truck,New York,4645,249.0122800672585,7181.135584968681,0.11,127.23282450036572
1573,Air-Express,Singapore,5775,1865.220800411808,1206.354608800683,0.5,5385.825061189095
1574,Ocean-Freight,Singapore,12447,1884.956438451626,815.4396235997813,0.01,234.6205278940739
1575,Ocean-Freight,New York,9427,4725.7241369034,6838.903910220191,0.01,445.4940143858836
1576,Air-Express,London,11252,4663.652434186688,1087.8011212692186,0.5,26237.708594734308
1577,Ground-Truck,Singapore,14558,2641.3981964296117,2574.289470077643,0.11,4229.882243798452
1578,Air-Express,London,8136,601.8049095913574,5667.08809176855,0.5,2448.142372217642
1579,Air-Express,Shanghai,10262,1602.4408745160715,2815.2727762471013,0.5,8222.124127141962
1580,Rail-Link,London,7392,2938.292252288517,1727.8895143911222,0.03,651.5956898675015
1581,Rail-Link,New York,14222,1643.1164596943183,5623.31293566427,0.03,701.0520686931778
1582,Ocean-Freight,New York,14047,3984.956842794312,7862.630086150243,0.01,559.766887707317
1583,Ocean-Freight,Shanghai,1274,3717.5363143553336,4559.306623174896,0.01,47.361412644886954
1584,Ocean-Freight,London,11604,4460.49570226181,6308.066360492435,0.01,517.5959212904605
1585,Rail-Link,Singapore,6732,2793.9183073638706,1086.5253939756512,0.03,564.2597413552072
1586,Ocean-Freight,Shanghai,3030,4782.9060237279455,7356.97069380597,0.01,144.92205251895675
1587,Ocean-Freight,New York,12934,2616.047714015576,4735.400118388055,0.01,338.35961133077456
1588,Ocean-Freight,Shanghai,5902,3080.666372527187,2529.3388169585746,0.01,181.82092930655458
1589,Air-Express,Singapore,11314,2150.4412438544696,1595.4299588486072,0.5,12165.046116484735
1590,Ocean-Freight,New York,6175,1305.9302208521503,3162.8889280691637,0.01,80.6411911376203
1591,Air-Express,Shanghai,14892,1202.1628887075078,5687.366238416681,0.5,8951.304869316104
1592,Ground-Truck,London,157,2826.0732309909663,418.27018510934766,0.11,48.806284699214
1593,Air-Express,Shanghai,14151,3283.519378652739,4320.433935776101,0.5,23232.541363657456
1594,Ground-Truck,Singapore,5202,25.648072090640603,6277.010123931668,0.11,14.676339811706367
1595,Air-Express,Shanghai,5122,1128.9645779920345,6294.403797905328,0.5,2891.2782842376005
1596,Ocean-Freight,Singapore,6622,882.5385130717763,517.0347487422978,0.01,58.44170033561302
1597,Air-Express,Singapore,11116,2736.5706709693286,7836.875797668329,0.5,15209.859789247528
1598,Rail-Link,London,8382,4585.869640885187,5985.701848864808,0.03,1153.1627798969892
1599,Ground-Truck,New York,7656,3203.9438444024377,7165.523252995036,0.11,2698.2333480019565
1600,Ocean-Freight,New York,1457,3593.740625600554,6453.20888374406,0.01,52.36080091500008
1601,Air-Express,Shanghai,10048,1710.4039093436609,7786.021005376781,0.5,8593.069240542553
1602,Rail-Link,London,1954,1983.083345115268,2429.712557894726,0.03,116.248345690657
1603,Air-Express,New York,1714,1187.6892978016276,7770.276112178836,0.5,1017.8497282159948
1604,Ocean-Freight,Shanghai,1224,1001.9791694412572,6968.007513510133,0.01,12.264225033960988
1605,Rail-Link,New York,10640,2444.6748971215125,3288.505499264103,0.03,780.3402271611868
1606,Rail-Link,New York,12498,784.7501996819148,7467.16967587163,0.03,294.2342398687371
1607,Rail-Link,New York,10940,368.71911956417966,3218.979307016563,0.03,121.01361504096377
1608,Ocean-Freight,New York,10724,4058.736881877955,1730.5735561064375,0.01,435.25894321259193
1609,Ground-Truck,London,1439,3256.421458345544,3038.2596847138207,0.11,515.4589526415161
1610,Rail-Link,London,4661,831.6538646084218,4309.503468342917,0.03,116.29015988819562
1611,Air-Express,Shanghai,4878,3156.3966595671945,7780.858950254041,0.5,7698.451452684388
1612,Air-Express,London,4034,2585.277174366892,4498.982906285603,0.5,5214.50406069802
1613,Air-Express,New York,4393,2930.0697278326297,6502.190868923845,0.5,6435.8981571843715
1614,Ocean-Freight,Shanghai,14601,1254.836943283692,4036.6437818668096,0.01,183.21874208885188
1615,Rail-Link,London,4226,4542.262327222968,4077.64604914994,0.03,575.8680178453279
1616,Air-Express,Shanghai,1657,4184.083092706623,3653.5821130389872,0.5,3466.512842307437
1617,Ground-Truck,Shanghai,13602,14.873441359258544,7174.14098181838,0.11,22.253940430549818
1618,Air-Express,London,14037,1462.6572155302897,666.0116935375407,0.5,10265.659667199337
1619,Ocean-Freight,New York,12010,3286.059879341504,5356.669747531672,0.01,394.65579150891466
1620,Ground-Truck,Shanghai,13624,4862.808567418513,1179.6131041192418,0.11,7287.599431476081
1621,Rail-Link,Singapore,7569,401.30136132223777,1747.4470931900364,0.03,91.12350011544054
1622,Rail-Link,New York,509,3597.3916179957423,835.9225189920935,0.03,54.932170006794976
1623,Rail-Link,Shanghai,4187,2664.8369047917618,6321.484237491805,0.03,334.73016361089316
1624,Air-Express,Singapore,13240,3375.325229745128,7780.274797167861,0.5,22344.65302091275
1625,Rail-Link,Shanghai,13886,1682.5931525565136,1037.5197648161857,0.03,700.9346554919924
1626,Ground-Truck,Shanghai,2290,3489.4506718002885,2206.300553689416,0.11,878.9926242264926
1627,Air-Express,Singapore,4274,2779.07931448691,2624.306391118403,0.5,5938.892495058526
1628,Air-Express,Singapore,10794,4715.300708410831,6427.612443377907,0.5,25448.477923293256
1629,Air-Express,New York,7627,3385.657165374139,7616.130530651457,0.5,12911.203600154278
1630,Ground-Truck,Shanghai,14089,2905.255379959079,6668.319563537383,0.11,4502.535735306781
1631,Air-Express,London,11676,2453.3004513986866,502.6607833856627,0.5,14322.368035265532
1632,Ground-Truck,Singapore,1316,732.6877074493229,3366.822324963413,0.11,106.063872530364
1633,Ocean-Freight,Singapore,8062,3919.475527469509,7986.067841792137,0.01,315.9881170245918
1634,Ground-Truck,Shanghai,12628,1495.5627154596814,2937.0511715267626,0.11,2077.456256790734
1635,Air-Express,New York,9239,987.0513614821892,5365.670187609558,0.5,4559.683764366973
1636,Air-Express,Shanghai,4227,1820.3857195427645,3009.013603313019,0.5,3847.3852182536325
1637,Ocean-Freight,London,6206,1810.485210571541,5100.941375123262,0.01,112.35871216806983
1638,Ocean-Freight,London,1120,513.5401698492306,6013.434174996677,0.01,5.751649902311383
1639,Ground-Truck,London,11820,2550.7914119312263,164.59853702918406,0.11,3316.5389937929804
1640,Ocean-Freight,London,3031,930.1116319469086,5974.92847714953,0.01,28.191683564310804
1641,Rail-Link,New York,3058,2356.7751253804777,602.2706601211327,0.03,216.21055000240503
1642,Ground-Truck,Singapore,6869,3310.9827312800785,5928.389693342196,0.11,2501.7454419279143
1643,Ground-Truck,New York,5822,1021.6435347027524,2595.74718980996,0.11,654.2809524943366
1644,Rail-Link,Shanghai,7889,4726.07273508538,1860.9235805784688,0.03,1118.519634212657
1645,Rail-Link,Singapore,7831,2571.686838352713,7478.391621868213,0.03,604.1663889342029
1646,Rail-Link,New York,8664,4489.404363903729,4264.817834075268,0.03,1166.8859822658574
1647,Air-Express,London,5538,4230.601857956514,7009.637175837111,0.5,11714.536544681587
1648,Ground-Truck,London,8579,4211.25239350434,5259.298555826292,0.11,3974.1167712261113
1649,Ocean-Freight,New York,6881,1084.7628340755891,1418.109809240882,0.01,74.64253061274128
1650,Ocean-Freight,London,6688,602.2035493351102,2355.3493069442798,0.01,40.27537337953217
1651,Ocean-Freight,Shanghai,2070,2105.9797035328525,5082.288488425905,0.01,43.59377986313005
1652,Ground-Truck,London,5523,523.6313080823481,5127.148425372853,0.11,318.121728599269
1653,Ground-Truck,Shanghai,3005,2375.945612927616,2861.824006059365,0.11,785.3688223532235
1654,Ground-Truck,Shanghai,3775,2617.9444966426927,3580.503782534652,0.11,1087.101452230878
1655,Ground-Truck,London,10646,2201.260727967501,4846.162542717541,0.11,2577.8083880936224
1656,Air-Express,New York,860,4825.106318641677,7946.818663679054,0.5,2074.7957170159207
1657,Rail-Link,London,6603,4041.202155434436,530.8441732251104,0.03,800.5217349700075
1658,Ocean-Freight,Singapore,6872,484.5501009380261,2683.588681807548,0.01,33.29828293646115
1659,Air-Express,New York,162,1394.1792973700428,3124.6900461837117,0.5,112.92852308697347
1660,Air-Express,Singapore,10458,3326.6419354378104,6782.492402450974,0.5,17395.01068040431
1661,Air-Express,London,3705,2377.395785956379,1904.2424777766191,0.5,4404.125693484192
1662,Air-Express,New York,3410,2230.3569713478096,7135.347498033321,0.5,3802.7586361480157
1663,Rail-Link,Shanghai,8233,2549.8649899891598,2885.387015969199,0.03,629.7911538774225
1664,Ground-Truck,London,13598,999.2246253677788,2155.6301793214984,0.11,1494.6202101326162
1665,Air-Express,New York,4552,3810.665617835932,289.6047306451724,0.5,8673.074946194582
1666,Ocean-Freight,Singapore,7000,3770.2607494136055,419.3732085618067,0.01,263.9182524589524
1667,Rail-Link,Singapore,10639,4565.894635011563,4121.484623931088,0.03,1457.2965906566403
1668,Air-Express,Singapore,9317,506.5273117083565,2119.954141141465,0.5,2359.6574815933786
1669,Ocean-Freight,Singapore,8672,1898.1752254562364,282.7555032966176,0.01,164.6097555515648
1670,Rail-Link,London,1543,636.1344054173284,2891.082846484919,0.03,29.44666162676813
1671,Ground-Truck,Singapore,3361,1413.9242340914293,260.9570682530284,0.11,522.7419285859423
1672,Air-Express,Singapore,3423,2679.6329483438394,3546.784813830295,0.5,4586.191791090481
1673,Air-Express,Shanghai,13530,3907.718257605052,2701.939626299963,0.5,26435.714012698176
1674,Ground-Truck,London,9639,3058.03121910176,2299.4136892439687,0.11,3242.399921301405
1675,Air-Express,Shanghai,9262,187.3064484496749,6155.489145355959,0.5,867.4161627704444
1676,Ground-Truck,New York,10798,3298.688051259777,7010.151408722866,0.11,3918.115693525337
1677,Rail-Link,Shanghai,5107,3799.963207097043,4862.89489159122,0.03,582.192362959338
1678,Ocean-Freight,Singapore,12332,4853.4863822728885,7612.280968887464,0.01,598.5319406618926
1679,Rail-Link,Singapore,11263,3999.939016589466,7344.11621872336,0.03,1351.5393943154145
1680,Rail-Link,New York,4810,2769.325935675353,1502.844970663882,0.03,399.6137325179534
1681,Air-Express,Singapore,3089,605.451455334663,7138.960337414579,0.5,935.1197727643871
1682,Ground-Truck,Singapore,774,2198.338424210636,7666.631607522351,0.11,187.1665334372935
1683,Rail-Link,Singapore,6225,3897.143000747041,5124.065278579024,0.03,727.7914553895099
1684,Rail-Link,Singapore,11396,222.3553812541748,2422.281097374552,0.03,76.01885774317729
1685,Rail-Link,Shanghai,4036,1290.281680082088,676.6837374825686,0.03,156.2273058243392
1686,Air-Express,Shanghai,12615,3125.485424234243,4558.187429438258,0.5,19713.99931335749
1687,Ground-Truck,Singapore,7901,4268.167461580767,5018.621226943643,0.11,3709.50702253446
1688,Rail-Link,New York,4777,3700.3430033680575,801.6353721832344,0.03,530.2961558126763
1689,Ground-Truck,Shanghai,13295,2294.934647119451,4022.8304750237226,0.11,3356.227174679841
1690,Ocean-Freight,New York,11388,2940.840861425163,3938.680155648376,0.01,334.9029572990975
1691,Air-Express,Singapore,10693,2067.310634557427,7798.4086554465075,0.5,11052.876307661283
1692,Ground-Truck,London,13141,698.8433646787523,6808.227667153129,0.11,1010.1850720767833
1693,Ocean-Freight,New York,10993,3522.0668713041014,4320.402640122378,0.01,387.18081116245986
1694,Air-Express,New York,13463,1457.8241864883043,4281.078271835889,0.5,9813.34351134602
1695,Air-Express,New York,13822,4308.328102696039,3979.6670822450665,0.5,29774.85551773233
1696,Air-Express,Shanghai,7109,3896.026857820007,1690.7218091811962,0.5,13848.427466121215
1697,Air-Express,Singapore,10004,1514.7949399270408,7809.915832684493,0.5,7577.004289515058
1698,Ground-Truck,Shanghai,4637,1959.7556721204835,4066.366486253644,0.11,999.612575678495
1699,Rail-Link,London,13104,621.2053440006654,1931.9810407347209,0.03,244.20824483354158
1700,Air-Express,Singapore,12114,1376.008717135445,4072.6636213309503,0.5,8334.484799689391
1701,Air-Express,London,916,1876.764637399544,7442.22900593939,0.5,859.5582039289911
1702,Ocean-Freight,New York,14887,4185.333440890188,4451.386564532459,0.01,623.0705893453223
1703,Air-Express,Singapore,174,514.0571975741619,2857.585931888257,0.5,44.72297618895209
1704,Ground-Truck,Singapore,3577,297.9371491014645,1787.416573371288,0.11,117.22933005695323
1705,Ocean-Freight,London,1186,466.1155014175528,5598.469195097374,0.01,5.528129846812176
1706,Rail-Link,New York,4570,1809.8674050441452,5211.160577374619,0.03,248.1328212315523
1707,Ocean-Freight,New York,12389,323.4914319790656,7603.023092308131,0.01,40.077353507886436
1708,Air-Express,New York,928,4478.770222058579,331.5942304104871,0.5,2078.1493830351806
1709,Air-Express,Singapore,13095,900.5385198914933,5225.231933982316,0.5,5896.275958989552
1710,Ocean-Freight,Singapore,7544,223.68913984460733,2799.6197498167976,0.01,16.87510870987718
1711,Ocean-Freight,Shanghai,4920,3486.737347991676,4080.276831515308,0.01,171.54747752119044
1712,Air-Express,Shanghai,6475,2527.58267954088,6019.46797063568,0.5,8183.048925013598
1713,Air-Express,London,2615,558.1426010468032,4231.717370709026,0.5,729.7714508686951
1714,Ocean-Freight,Singapore,5981,4892.411857307539,4766.302893694538,0.01,292.61515318556394
1715,Rail-Link,London,11673,1228.646279400208,3230.5962093949115,0.03,430.25964058315884
1716,Ground-Truck,London,5298,2529.895837511638,2508.6200501660333,0.11,1474.3726961850325
1717,Rail-Link,New York,8513,1207.0635620477549,6003.996907455839,0.03,308.27196311137607
1718,Ground-Truck,Singapore,5868,4481.360537310525,4290.417843472346,0.11,2892.6285996231973
1719,Rail-Link,London,13124,1232.1255335727028,7643.836166073992,0.03,485.11246507824455
1720,Air-Express,Shanghai,3691,4286.628392211103,2783.260383882612,0.5,7910.97269782559
1721,Ground-Truck,New York,11013,666.0996915360336,223.4682817092344,0.11,806.933149317497
1722,Rail-Link,Singapore,1403,2500.453311657361,943.1544730715664,0.03,105.24407988765832
1723,Ground-Truck,London,10412,4449.3399314276985,2427.564251426142,0.11,5095.9180102627715
1724,Ground-Truck,New York,12102,4566.017590124447,7526.6308727032765,0.11,6078.373936325467
1725,Ground-Truck,New York,7313,3688.9848915785497,2017.035013437264,0.11,2967.530116332533
1726,Air-Express,New York,8032,3065.20784134103,7525.185348759549,0.5,12309.874690825576
1727,Ocean-Freight,New York,2247,1184.5877992241226,6409.851774669071,0.01,26.617687848566035
1728,Rail-Link,London,3581,1187.8322849835954,6248.3134073938245,0.03,127.60882237578765
1729,Ocean-Freight,Shanghai,13931,1126.6639801141832,100.54761979949494,0.01,156.95555906970688
1730,Air-Express,Singapore,5185,4850.18932248667,533.1353786234258,0.5,12574.115818546692
1731,Rail-Link,London,3216,3868.02204629582,3012.7213108947512,0.03,373.1867670266207
1732,Rail-Link,Singapore,7755,598.7323909647694,6874.611210667518,0.03,139.2950907579536
1733,Ocean-Freight,Shanghai,13511,4289.020964736835,6082.335989942087,0.01,579.4896225455936
1734,Ocean-Freight,London,12851,3167.3052712350345,3987.1875767479887,0.01,407.03040040641434
1735,Rail-Link,Shanghai,7096,4448.257553995041,6541.360307092817,0.03,946.9450680944643
1736,Ground-Truck,Singapore,6779,1745.0841858661468,2081.64657384926,0.11,1301.291826558527
1737,Ground-Truck,Shanghai,6531,4405.267177050361,2990.1676338527877,0.11,3164.78799266475
1738,Ground-Truck,Singapore,5263,4121.755671775304,6087.1867701632245,0.11,2386.2080110608767
1739,Rail-Link,London,10315,752.7072693364079,198.29380939875176,0.03,232.9252644961514
1740,Air-Express,New York,1888,3441.214255448436,5503.471112150219,0.5,3248.506257143323
1741,Ocean-Freight,Shanghai,4025,1840.7473359957,1490.72633191021,0.01,74.09008027382693
1742,Ocean-Freight,Shanghai,9728,1561.3079039083816,6037.361316854805,0.01,151.8840328922074
1743,Rail-Link,Shanghai,13828,507.4393693901271,577.3324745307341,0.03,210.50614799780033
1744,Ocean-Freight,Singapore,6427,2683.4103515674183,6155.578314345183,0.01,172.46278329523798
1745,Rail-Link,London,8056,4871.538351829622,6777.552894634923,0.03,1177.3533888701832
1746,Ground-Truck,London,7103,830.8028512971854,7820.640725562681,0.11,649.1311918040298
1747,Air-Express,Singapore,14116,775.593879523946,6668.763295907028,0.5,5474.141601680011
1748,Air-Express,London,11453,4255.590096540672,6851.646687618803,0.5,24369.63668784016
1749,Ground-Truck,Singapore,4732,1412.211176263179,6470.513762873311,0.11,735.0841614685099
1750,Air-Express,Shanghai,2369,4149.2596936718855,595.5683109649152,0.5,4914.798107154349
1751,Ground-Truck,Singapore,2827,627.3219032168209,1464.7408410006913,0.11,195.0782922433348
1752,Air-Express,London,13213,646.6848842318416,5986.831238457196,0.5,4272.323687677661
1753,Air-Express,London,6304,180.448698269539,6705.6680763830345,0.5,568.7742969455869
1754,Ground-Truck,New York,6978,1087.8016558079012,6996.264068389148,0.11,834.9747949650288
1755,Ocean-Freight,Singapore,13694,842.1772519574563,7689.188675998311,0.01,115.32775288305407
1756,Rail-Link,London,9413,2613.089298514481,3022.1060083466987,0.03,737.9102870075043
1757,Ocean-Freight,London,9750,4326.496697129664,3490.952353142236,0.01,421.8334279701423
1758,Ground-Truck,Shanghai,3762,4253.493943522654,3050.74465380081,0.11,1760.1808637085448
1759,Air-Express,New York,14143,254.8649924197151,4345.755625259761,0.5,1802.2777938960153
1760,Ocean-Freight,London,155,2427.549224261533,1450.2132702208955,0.01,3.762701297605376
1761,Ground-Truck,Shanghai,14470,4458.034797064379,3125.606492054224,0.11,7095.853986487372
1762,Rail-Link,Singapore,6598,340.55129513281366,3391.301589800327,0.03,67.40872335858914
1763,Ocean-Freight,London,8034,1419.0195947903833,6058.652941484221,0.01,114.0040342454594
1764,Rail-Link,Singapore,6057,4179.213337435077,4902.117424376653,0.03,759.4048555453278
1765,Ground-Truck,Singapore,591,3032.9990536442765,1773.7902271468424,0.11,197.17526847741442
1766,Air-Express,Shanghai,1176,4618.91114904151,4078.349993508536,0.5,2715.9197556364074
1767,Ground-Truck,Singapore,6559,1431.0422808772753,4085.0146522052178,0.11,1032.4826952301453
1768,Air-Express,Singapore,2566,2532.826432365277,5825.931208312568,0.5,3249.6163127246505
1769,Air-Express,New York,12556,3659.750746656074,7676.239518581966,0.5,22975.915187506835
1770,Rail-Link,New York,14601,2118.027371747369,7607.512099286615,0.03,927.7595296465001
1771,Rail-Link,Singapore,9586,2823.1547501163136,3140.6109632584757,0.03,811.8828430384494
1772,Rail-Link,Shanghai,12433,2749.115765063369,7066.047581251875,0.03,1025.3926892109857
1773,Rail-Link,New York,13215,1971.01315174531,629.4623283085496,0.03,781.4081640094281
1774,Ocean-Freight,London,14528,3733.399601852503,6930.322969879055,0.01,542.3882941571317
1775,Ground-Truck,London,2550,4163.0811231904,5935.682796537185,0.11,1167.7442550549072
1776,Ocean-Freight,Shanghai,861,3656.089218659026,4488.754145478763,0.01,31.47892817265421
1777,Rail-Link,New York,10811,3183.072938896835,3627.081774117882,0.03,1032.3660462724104
1778,Ground-Truck,Shanghai,13354,1295.8011275151766,3998.29607490422,0.11,1903.4541082521437
1779,Air-Express,New York,3054,4129.558144813557,1075.8119728680867,0.5,6305.835287130301
1780,Air-Express,New York,12971,3773.388890502524,3090.2497842484568,0.5,24472.31364935412
1781,Ocean-Freight,New York,7780,4314.142921322881,1221.85643693568,0.01,335.6403192789202
1782,Air-Express,Singapore,1280,2306.067662575957,1380.0461758086965,0.5,1475.8833040486124
1783,Ground-Truck,Shanghai,1793,1919.2778315486803,4202.806200359934,0.11,378.53916671634624
1784,Air-Express,London,9485,3668.716093526165,2712.640526098491,0.5,17398.886073547837
1785,Ground-Truck,Shanghai,9933,1659.1916611891768,2130.7319880276764,0.11,1812.8825847651303
1786,Ocean-Freight,London,13302,891.7739741314318,2864.288236552675,0.01,118.62377403896306
1787,Air-Express,Shanghai,11799,4483.269809236208,5204.798374571625,0.5,26449.050239589007
1788,Ground-Truck,Shanghai,7253,3818.1387503529313,148.65171059863215,0.11,3046.225639194079
1789,Rail-Link,London,5925,3032.620199626272,6947.1479803619895,0.03,539.0482404835698
1790,Ground-Truck,Shanghai,7938,1577.168979927965,3927.593924678431,0.11,1377.1524098935004
1791,Ocean-Freight,Shanghai,6847,4183.840579223449,7329.469884566716,0.01,286.4675644594295
1792,Rail-Link,London,12140,757.1035634974725,5196.953557704823,0.03,275.7371178257795
1793,Rail-Link,Shanghai,11667,2731.841274316441,6992.835623592438,0.03,956.1717644234974
1794,Air-Express,New York,6831,4278.15913941941,4287.285009942029,0.5,14612.052540686995
1795,Ocean-Freight,Singapore,2222,3199.9365125220625,6450.966041316212,0.01,71.10258930824023
1796,Rail-Link,Shanghai,14867,159.5677440795406,7290.38519991364,0.03,71.1688095369159
1797,Air-Express,London,6816,4611.528171308005,6342.416148079709,0.5,15716.088007817682
1798,Rail-Link,New York,10699,3120.680744828241,790.4767657432831,0.03,1001.6448986675205
1799,Ground-Truck,London,2887,3413.9553609594727,189.95712534042053,0.11,1084.1698039798998
1800,Rail-Link,Shanghai,6825,3363.211700092608,2483.4856539172547,0.03,688.6175955939615
1801,Air-Express,New York,1537,1302.373257453267,6433.960353347129,0.5,1000.8738483528356
1802,Ground-Truck,Shanghai,1307,3500.41620935028,1680.6221022589236,0.11,503.25483841828975
1803,Ocean-Freight,New York,5128,4518.88475529823,6687.306598635949,0.01,231.72841025169325
1804,Rail-Link,London,13823,1663.13941118337,4872.514057666204,0.03,689.6872824236317
1805,Rail-Link,Singapore,1413,1092.148771660201,7173.998533150402,0.03,46.29618643067592
1806,Ground-Truck,London,11224,3646.16686878124,5121.668872634263,0.11,4501.70346287207
1807,Air-Express,Shanghai,11724,31.81456857949477,5743.88521601592,0.5,186.49700101299837
1808,Ground-Truck,London,6581,2133.1403512606303,1343.599784393666,0.11,1544.201631681083
1809,Ground-Truck,Shanghai,11050,984.305240172964,3474.705113209681,0.11,1196.4230194302377
1810,Ocean-Freight,London,8210,1372.0687952339226,6960.408495178653,0.01,112.64684808870504
1811,Rail-Link,Shanghai,7968,3780.8228800002303,5934.6882116882925,0.03,903.767901235255
1812,Ocean-Freight,Singapore,10560,4142.461193433372,571.553367341681,0.01,437.44390202656405
1813,Air-Express,London,12892,2952.44509798905,7422.716516003155,0.5,19031.461101637415
1814,Rail-Link,Singapore,4009,3970.698233923453,1045.5707286019783,0.03,477.55587659397366
1815,Air-Express,Shanghai,14028,4095.2444701094537,5560.909460166816,0.5,28724.044713347706
1816,Air-Express,New York,3349,3424.92471584898,1637.2269912190525,0.5,5735.036436689118
1817,Ground-Truck,Shanghai,7511,3180.0980992982286,2956.3682264750328,0.11,2627.428850621189
1818,Ground-Truck,London,14886,1520.0995166236007,7905.881265446224,0.11,2489.102154490481
1819,Ground-Truck,London,2969,3404.227454569874,2031.445636929377,0.11,1111.7866443879752
1820,Ocean-Freight,London,4725,507.0124997770704,3186.7279575584957,0.01,23.956340614466576
1821,Ocean-Freight,London,8351,385.2189473402743,5262.721440652804,0.01,32.169634292386306
1822,Air-Express,Singapore,8504,2987.9069519555683,4116.2301043751095,0.5,12704.580359715077
1823,Ocean-Freight,London,8125,3685.4681672219776,1355.617938937739,0.01,299.4442885867857
1824,Ocean-Freight,Singapore,6695,3300.377527850257,336.4891884610923,0.01,220.9602754895747
1825,Ground-Truck,Singapore,103,2848.9741819083256,1350.022713110333,0.11,32.27887748102133
1826,Ground-Truck,Singapore,10884,114.31987925355796,3667.625492314091,0.11,136.86833223752973
1827,Ocean-Freight,Shanghai,6426,1860.791519112856,2453.0399247165333,0.01,119.57446301819213
1828,Rail-Link,London,148,2515.879187381959,3851.950090797677,0.03,11.170503591975898
1829,Ocean-Freight,Singapore,4998,2181.705463570697,3758.630593164984,0.01,109.04163906926344
1830,Ground-Truck,London,12458,2069.015672400878,7774.655276522872,0.11,2835.337697144715
1831,Rail-Link,New York,3470,2322.699271986347,3943.1463124549055,0.03,241.79299421377868
1832,Ground-Truck,Shanghai,6774,3842.17603342474,4630.081116869119,0.11,2862.959049546111
1833,Air-Express,Shanghai,7440,722.9926980812752,7813.19979679956,0.5,2689.5328368623436
1834,Ground-Truck,London,13070,3650.6613111228185,1259.0799605261116,0.11,5248.555767001276
1835,Air-Express,Singapore,12388,3201.0033645473013,975.1318819007508,0.5,19827.014840005984
1836,Ocean-Freight,Singapore,3607,4674.337777007987,1092.80102112783,0.01,168.6033636166781
1837,Ocean-Freight,Shanghai,1980,1847.5728847238852,2960.7933103443074,0.01,36.58194311753293
1838,Ocean-Freight,Shanghai,9156,3982.430739328493,3511.977836616103,0.01,364.63135849291683
1839,Ground-Truck,London,3053,3390.784519017658,3285.0871652759824,0.11,1138.7271650217
1840,Air-Express,London,1775,78.7417179589848,5777.230295410095,0.5,69.883274688599
1841,Ground-Truck,Shanghai,2009,567.9180059302803,5404.056149827233,0.11,125.50420013053264
1842,Ground-Truck,New York,7960,2920.951760884658,4044.5097449740974,0.11,2557.5853618306064
1843,Rail-Link,Singapore,11616,114.93245693630888,3050.824233972453,0.03,40.05166259316492
1844,Ocean-Freight,London,3052,2453.501471157018,2243.3818614867178,0.01,74.8808648997122
1845,Rail-Link,Shanghai,194,150.70301088935568,7192.070028496581,0.03,0.8770915233760499
1846,Air-Express,Shanghai,4362,1865.414475209215,3923.1451902250233,0.5,4068.4689704312977
1847,Rail-Link,Singapore,865,4275.415045335134,1464.3203379070158,0.03,110.94702042644671
1848,Ocean-Freight,New York,14792,4534.731720883841,6162.036625669562,0.01,670.7775161531379
1849,Ocean-Freight,London,7519,1507.4269337076062,7903.569827316867,0.01,113.34343114547492
1850,Rail-Link,New York,13405,4510.286540195317,3356.249726318993,0.03,1813.8117321395466
1851,Ground-Truck,London,6174,3423.194616578658,2303.5925669919084,0.11,2324.8283919032297
1852,Ocean-Freight,London,13526,499.7791272820392,1415.1315220436627,0.01,67.60012475616863
1853,Ocean-Freight,New York,5870,3781.353196408623,5506.235059537384,0.01,221.96543262918618
1854,Ground-Truck,New York,10941,3074.092391230776,2646.7497077278867,0.11,3699.7009337701506
1855,Ocean-Freight,Singapore,13505,1701.0375691137738,5377.707343754414,0.01,229.72512370881515
1856,Ground-Truck,New York,6592,3572.6053502491395,6130.488888950422,0.11,2590.5675915726565
1857,Ground-Truck,Shanghai,2425,2962.7767423121213,5565.213006647325,0.11,790.3206960117584
1858,Rail-Link,New York,932,4107.376187936484,3076.7862742600832,0.03,114.84223821470408
1859,Ground-Truck,New York,11515,4279.8532873241365,4404.443413363058,0.11,5421.076166389117
1860,Rail-Link,New York,6976,1682.6049656713917,919.875428851173,0.03,352.1355672157089
1861,Air-Express,Shanghai,8831,2038.1850542075128,7685.094129961801,0.5,8999.606106853274
1862,Ground-Truck,Shanghai,6165,2322.73795201092,865.4068204400489,0.11,1575.1647421562054
1863,Ocean-Freight,London,589,1505.089410094197,1492.5926111313547,0.01,8.864976625454823
1864,Ocean-Freight,Singapore,7331,3004.6506665189104,2976.957657359872,0.01,220.2709403625013
1865,Ground-Truck,Shanghai,2843,3323.9379835550867,3544.5266207666537,0.11,1039.4951255971823
1866,Air-Express,Shanghai,11393,4793.349867333342,2552.670971539168,0.5,27305.317519264383
1867,Ocean-Freight,London,5770,159.00848079400524,7131.620004737824,0.01,9.174789341814103
1868,Ocean-Freight,Shanghai,14208,1845.2863915368168,2730.2331548146103,0.01,262.17829050955095
1869,Rail-Link,London,13321,284.1096768580838,616.1050879875148,0.03,113.53875016279602
1870,Ocean-Freight,London,11258,1775.4417725926614,3121.885973501688,0.01,199.87923475848183
1871,Ocean-Freight,London,11796,3084.111130083645,5150.301821590024,0.01,363.80174890466685
1872,Ocean-Freight,New York,14133,2107.802126778095,1417.9255353032945,0.01,297.89567457754816
1873,Ground-Truck,Shanghai,13134,1270.7320803418163,7363.746128128381,0.11,1835.8774657530357
1874,Air-Express,London,11515,1191.12239911845,5935.0918190512975,0.5,6857.887212924475
1875,Ground-Truck,Shanghai,2008,4182.070427542872,6740.703198145431,0.11,923.7357160356695
1876,Ocean-Freight,New York,1598,1428.6187728815028,7108.310803206488,0.01,22.829327990646416
1877,Rail-Link,Singapore,7812,4139.886310695911,4413.357924760491,0.03,970.2237557746935
1878,Rail-Link,London,4047,5.901648104286551,4016.503522540703,0.03,0.7165190963414301
1879,Ground-Truck,London,14888,1910.115165527599,178.02100010911997,0.11,3128.157404281238
1880,Ocean-Freight,New York,4477,941.1909513567208,2372.9391359719675,0.01,42.13711889224039
1881,Rail-Link,Shanghai,9865,163.6505698598486,4795.897310821106,0.03,48.43238615002219
1882,Ocean-Freight,Singapore,4459,167.28385151049358,5874.7976911354535,0.01,7.459186938852909
1883,Ground-Truck,Singapore,5973,1759.2730135188535,7845.451825891699,0.11,1155.8951480722922
1884,Air-Express,New York,13997,747.5574352333147,3687.058718642644,0.5,5231.780710480352
1885,Air-Express,Singapore,12031,916.1197993677016,4975.311981869189,0.5,5510.918653096409
1886,Ground-Truck,New York,5167,1739.165386518735,6330.085064916936,0.11,988.4894307356533
1887,Ground-Truck,Singapore,11916,4173.747748501198,739.4786986511141,0.11,5470.78159882543
1888,Rail-Link,Singapore,14896,4169.436195888704,5139.617246214742,0.03,1863.2376472187436
1889,Ocean-Freight,New York,1406,332.8923609650949,1828.4173327850049,0.01,4.680466595169234
1890,Ground-Truck,London,7212,3352.886470244581,2316.2153448643626,0.11,2659.911894574431
1891,Ocean-Freight,Singapore,12373,2525.8109778108783,5924.466631911432,0.01,312.51859228454
1892,Ground-Truck,Singapore,5287,1880.4076439151515,4790.562461534334,0.11,1093.5886734717346
1893,Ocean-Freight,Shanghai,6303,3135.921931826255,4112.936256295388,0.01,197.65715936300887
1894,Ocean-Freight,Singapore,8823,4217.9622171036,2933.464389745928,0.01,372.1508064150506
1895,Air-Express,New York,3637,3970.8248753496,4891.388538756488,0.5,7220.945035823247
1896,Ground-Truck,London,5625,1779.9682582940857,7202.857199097735,0.11,1101.3553598194655
1897,Air-Express,New York,14942,382.4278465341247,7428.224434092511,0.5,2857.1184414564455
1898,Ocean-Freight,New York,12688,3405.91409181156,1632.0094050221433,0.01,432.1423799690507
1899,Ground-Truck,London,7820,1503.1209164723014,2180.6693132059067,0.11,1292.9846123494738
1900,Rail-Link,Singapore,11496,3247.829976047827,7465.615054319581,0.03,1120.1116021393746
1901,Ground-Truck,New York,4145,3060.2771319166795,1706.7570084384413,0.11,1395.33335829741
1902,Ocean-Freight,New York,6636,3336.990023156612,264.64578012049685,0.01,221.44265793667282
1903,Ocean-Freight,London,5104,2906.762367428349,2976.805323156587,0.01,148.36115123354293
1904,Air-Express,Singapore,8239,4793.237474727405,6432.190670424577,0.5,19745.741777139545
1905,Ground-Truck,New York,9946,422.1542527245687,1136.0968368906683,0.11,461.8620817358417
1906,Air-Express,New York,13667,385.39930187787576,988.1282632074182,0.5,2633.626129382464
1907,Ground-Truck,New York,13385,4269.863146448286,6591.843002086623,0.11,6286.733003673135
1908,Air-Express,London,10447,724.7165729344913,7906.370793918525,0.5,3785.557018723315
1909,Ground-Truck,New York,6948,4572.044758531863,7968.692778360603,0.11,3494.3223680507326
1910,Air-Express,London,11934,958.3331220948376,563.9887098498745,0.5,5718.373739539896
1911,Rail-Link,New York,6327,4258.720189745853,947.4657813988222,0.03,808.3476792156602
1912,Air-Express,London,13634,1224.131522727639,3084.7763082050706,0.5,8344.904590434315
1913,Air-Express,London,10116,330.77682492521166,3984.940037584756,0.5,1673.0691804717205
1914,Ocean-Freight,New York,529,2194.883073003576,6078.171348294723,0.01,11.610931456188917
1915,Rail-Link,London,7048,2717.4754974191324,3697.207065453812,0.03,574.5830191743013
1916,Ocean-Freight,Singapore,11851,4788.105457480923,6417.398703770294,0.01,567.4383777660643
1917,Ocean-Freight,New York,1510,974.7187796538232,1022.6300485269873,0.01,14.718253572772731
1918,Ground-Truck,London,4159,4729.159516011854,4147.238134841959,0.11,2163.543186980263
1919,Ground-Truck,Shanghai,2079,223.4533212116344,1427.2088983315475,0.11,51.101540027888674
1920,Air-Express,Singapore,3045,2871.155234350676,3014.446392696769,0.5,4371.333844298904
1921,Ground-Truck,London,825,4694.178449521408,7217.263393341689,0.11,425.99669429406777
1922,Ground-Truck,London,726,4680.486165994777,7601.5411186066,0.11,373.7836252163429
1923,Rail-Link,London,4113,3332.7936890747155,3876.285675796365,0.03,411.23341329492916
1924,Ground-Truck,Singapore,801,2837.5894967366144,4605.749885916932,0.11,250.0200105574631
1925,Ocean-Freight,Singapore,1626,3956.011482928465,5073.616335633097,0.01,64.32474671241684
1926,Rail-Link,Singapore,4130,3989.850214385504,7698.247358378132,0.03,494.342441562364
1927,Ocean-Freight,Singapore,13231,436.6014182449235,1338.4987851549708,0.01,57.76673364798583
1928,Air-Express,Shanghai,5811,2283.1192153197585,2843.3355677659583,0.5,6633.602880111559
1929,Ground-Truck,Shanghai,14148,3971.844118808877,1678.6931131729186,0.11,6181.301565219878
1930,Ground-Truck,Singapore,2080,2427.356790110833,6710.086743995487,0.11,555.3792335773586
1931,Rail-Link,New York,2904,2615.3908911009057,6440.43094371098,0.03,227.85285443271087
1932,Ground-Truck,Singapore,7891,984.6121341340446,2438.6397431786845,0.11,854.653178549692
1933,Air-Express,Shanghai,14623,875.6174617675811,3546.824223711238,0.5,6402.077071713668
1934,Rail-Link,London,7770,3967.980013509075,1177.7766040371057,0.03,924.9361411489654
1935,Ground-Truck,New York,5529,3924.641111416686,1332.0000103038246,0.11,2386.927477552514
1936,Ocean-Freight,New York,5860,922.942683955126,7782.58922785634,0.01,54.08444127977038
1937,Rail-Link,New York,10212,4797.111583194777,3332.0552918783264,0.03,1469.6431046275518
1938,Rail-Link,Singapore,10577,2180.641823631533,4846.146768255958,0.03,691.9394570565219
1939,Ground-Truck,New York,10190,2959.2234531158515,4087.721209331609,0.11,3316.9935685975584
1940,Ground-Truck,London,3985,1176.1511112922426,6571.083912349641,0.11,515.5658396349546
1941,Air-Express,London,5446,2367.072109691127,3342.4770476081208,0.5,6445.53735468894
1942,Air-Express,Singapore,9601,2896.0878038456326,3540.40220565058,0.5,13902.66950236096
1943,Ground-Truck,Singapore,13149,4884.277313114099,7492.41285020123,0.11,7064.569862915102
1944,Ground-Truck,Singapore,2159,2728.284573553515,2252.671673103614,0.11,647.9403033732243
1945,Ocean-Freight,Singapore,12589,1441.0487840254325,1226.994161705012,0.01,181.41363142096168
1946,Ocean-Freight,New York,7487,296.88287630501566,1320.20047249779,0.01,22.22762094895652
1947,Air-Express,New York,684,3084.197478516508,793.490692237171,0.5,1054.7955376526456
1948,Ocean-Freight,New York,5957,3262.6580111661,1821.979805867428,0.01,194.3565377251646
1949,Ocean-Freight,London,14117,1273.6432093002152,2848.4256965347927,0.01,179.80021185691137
1950,Ground-Truck,Shanghai,9026,4930.338323779954,2510.475722969422,0.11,4895.1357081481665
1951,Air-Express,London,10189,4408.736034391469,674.8420595792377,0.5,22460.305727207335
1952,Ground-Truck,Singapore,1810,358.2535480970861,4460.2851402079,0.11,71.32828142612983
1953,Ground-Truck,Shanghai,1084,2586.867094122342,5694.583914534594,0.11,308.45803230314806
1954,Ocean-Freight,London,12257,2799.652828261763,7237.432885209144,0.01,343.15344716004427
1955,Air-Express,Singapore,4338,3148.4307062321272,1699.477226283748,0.5,6828.9462018174845
1956,Ocean-Freight,London,6405,1101.2822120506703,1580.836783365488,0.01,70.53712568184542
1957,Air-Express,Shanghai,5976,1386.4848487599106,2162.096481796136,0.5,4142.816728094613
1958,Ocean-Freight,New York,4455,329.89728335164784,903.8703919683866,0.01,14.696923973315913
1959,Ground-Truck,London,5714,1586.1591439901297,389.702610949189,0.11,996.9644683635561
1960,Rail-Link,Shanghai,9423,3051.5981768846545,1815.186821381188,0.03,862.656288623523
1961,Ground-Truck,Singapore,5459,644.81545207843,7318.005625588533,0.11,387.2052308185764
1962,Rail-Link,New York,10892,1937.596344005008,492.0036781901893,0.03,633.1289813670763
1963,Ground-Truck,New York,4150,3778.5250518357648,393.70380645495095,0.11,1724.8966861630265
1964,Ground-Truck,New York,4927,744.7683465233177,2391.7089591746085,0.11,403.6421007652425
1965,Ocean-Freight,London,344,3201.92300935221,7658.755380783723,0.01,11.014615152171602
1966,Air-Express,Singapore,6210,4086.121868673869,5854.109291402846,0.5,12687.408402232364
1967,Ground-Truck,Singapore,13431,2429.104685848118,1466.6484396765327,0.11,3588.7835539188677
1968,Rail-Link,Shanghai,14959,483.9315580886093,1621.9938413808986,0.03,217.1739653234252
1969,Air-Express,New York,3326,2257.007292505816,1147.5458477217908,0.5,3753.4031274371723
1970,Ground-Truck,New York,13873,3566.916887905522,4422.228624502067,0.11,5443.222178450464
1971,Rail-Link,New York,9621,2710.3166965716373,4219.116436806244,0.03,782.2787081314717
1972,Ocean-Freight,Shanghai,9434,4043.4112149644993,6973.89404715712,0.01,381.4554140197509
1973,Air-Express,Singapore,13803,1023.7565023952424,4768.498663754662,0.5,7065.455501280765
1974,Ocean-Freight,New York,5289,282.176180702781,3698.613680820836,0.01,14.924298197370089
1975,Rail-Link,Singapore,6799,4847.8763452667,1777.2435189118669,0.03,988.8213381440488
1976,Ocean-Freight,Singapore,11051,4400.416227106896,5989.493771942359,0.01,486.2899972575831
1977,Ocean-Freight,London,12572,3917.1044034518777,7035.042018343425,0.01,492.45836560197006
1978,Air-Express,London,7421,2384.550582127955,2428.923024543086,0.5,8847.874934985775
1979,Ground-Truck,New York,14829,3210.970828060173,3720.952413645418,0.11,5237.703505023474
1980,Ground-Truck,London,14949,3556.820616782797,2697.906968832421,0.11,5848.800254031464
1981,Air-Express,New York,10370,4487.069390283843,502.5652918377731,0.5,23265.454788621722
1982,Ground-Truck,Singapore,11754,1510.4433612477803,6150.662504976549,0.11,1952.9126394917052
1983,Rail-Link,New York,3547,1418.1014730003278,5908.69028280509,0.03,150.90017774196488
1984,Rail-Link,Shanghai,1634,2271.7188070987418,4442.49341360357,0.03,111.35965592398033
1985,Ground-Truck,Shanghai,8945,1157.0125892427554,5093.372238791138,0.11,1138.442537185409
1986,Rail-Link,Singapore,5944,3241.176028168791,4518.328046862742,0.03,577.9665093430588
1987,Air-Express,New York,3767,473.9057854078365,474.0438147435755,0.5,892.6015468156601
1988,Air-Express,New York,446,3445.063670486582,1021.0063248883334,0.5,768.2491985185078
1989,Rail-Link,Shanghai,4930,2923.9113071457177,328.0414554910103,0.03,432.4464823268516
1990,Air-Express,Shanghai,6458,2213.6156233659835,3454.872196562276,0.5,7147.764847848761
1991,Air-Express,London,3236,2392.001659462947,3962.878924484844,0.5,3870.2586850110483
1992,Air-Express,Shanghai,8426,1536.7676399979714,6393.586953668206,0.5,6474.402067311454
1993,Ground-Truck,London,12718,2189.15469339884,6788.848165675903,0.11,3062.58363297111
1994,Ocean-Freight,London,9435,728.4008278905923,2760.949981021549,0.01,68.72461811147738
1995,Ocean-Freight,Singapore,3828,2336.0126190438373,6293.00010470671,0.01,89.4225630569981
1996,Rail-Link,London,10381,3286.3723667717395,7475.516656740193,0.03,1023.4749461837229
1997,Rail-Link,New York,4441,2469.9081046136216,1862.250663100292,0.03,329.06585677767276
1998,Air-Express,New York,7126,3576.664216462613,3664.6217739558406,0.5,12743.65460325629
1999,Rail-Link,New York,7474,475.0038276208015,4552.475886827162,0.03,106.5053582291361
2000,Ground-Truck,New York,14832,2533.121288011735,2368.456633836759,0.11,4132.838043816906
