OrderID,Carrier,Origin,Distance_KM,Weight_KG,Cost_USD
1001,Air-Express,Singapore,1445,2657.313394213891,
1002,Ocean-Freight,Shanghai,8724,4950.745372492012,
1003,Ocean-Freight,New York,4177,375.3009102389737,
1004,Ocean-Freight,New York,2573,4960.954601847144,
1005,Ground-Truck,London,3081,4035.048781552404,
1006,Rail-Link,New York,6462,1331.9463326511545,
1007,Ocean-Freight,Singapore,935,1985.7366163236982,
1008,Rail-Link,Shanghai,3040,4271.976003591171,
1009,Rail-Link,New York,6496,44.41522426850679,
1010,Ground-Truck,Singapore,6045,4887.238500125497,
1011,Ocean-Freight,New York,7241,3063.3372751578386,1994.4941564800495
1012,Rail-Link,London,9392,3392.572359022001,1932.13281015366
1013,Ocean-Freight,New York,9899,565.8180727413709,3503.776948684501
1014,Rail-Link,New York,13900,4497.576202138568,538.3241743879169
1015,Rail-Link,London,2443,3082.80878866119,1649.8717170948453
1016,Air-Express,New York,11613,1965.7922446074842,6186.93213823941
1017,Rail-Link,London,7761,2372.111552790058,2372.1481699118654
1018,Rail-Link,London,7676,2132.5645627476038,5411.167970326378
1019,Ocean-Freight,Shanghai,13501,864.6749668812461,551.5769555400009
1020,Air-Express,Shanghai,779,333.7308073644785,3773.1668558558235
1021,Air-Express,London,7612,-99.0,3603.471479895335
1022,Rail-Link,London,3534,-99.0,2948.2650472608175
1023,Ground-Truck,New York,5734,-99.0,798.8764475970008
1024,Ocean-Freight,Singapore,13460,-99.0,6798.38798484853
1025,Ocean-Freight,Singapore,8788,-99.0,4559.715221345111
1026,Rail-Link,Singapore,3206,1542.5600272218342,6267.352377273702
1027,Rail-Link,Singapore,2403,1605.844588977931,3890.018266838897
1028,Air-Express,Shanghai,10095,368.3235283033059,4663.9282217882455
1029,Air-Express,Singapore,3107,4248.666209672837,1977.3952937573933
1030,Rail-Link,Singapore,9801,3818.8886262813426,4815.7643753752845
1031,Ground-Truck,New York,6008,689.5331187388376,5592.767683181512
1032,Ground-Truck,Singapore,12507,1713.5258960631697,828.011858539009
1033,Ground-Truck,Shanghai,4327,4873.218027656281,2342.9274548581125
1034,Rail-Link,New York,9538,2243.4474429719767,809.101646990969
1035,Ocean-Freight,London,928,1001.2512638931408,1372.034536797013
1036,Rail-Link,Singapore,12949,4807.561357975826,5419.462972796052
1037,Air-Express,New York,6959,2140.8159371952197,4508.914896151922
1038,Air-Express,London,12446,2704.220664342299,3228.6826498980513
1039,Air-Express,Shanghai,10249,3114.6094589272466,611.2004448647382
1040,Ground-Truck,Shanghai,1320,1075.943427819847,7909.334087897392
1041,Rail-Link,London,172,2794.7563286135064,2847.6057100346547
1042,Rail-Link,Shanghai,7334,995.1001378043933,6039.367955887418
1043,Air-Express,Singapore,12493,679.363925349581,1375.9170529251035
1044,Ground-Truck,Singapore,13089,1083.2660308652607,6020.796363465296
1045,Air-Express,Singapore,7774,422.3814182170208,5170.656678123001
1046,Ocean-Freight,Shanghai,7514,625.103345117089,5263.496966817171
1047,Rail-Link,New York,7580,3944.5028770651134,2377.991389258539
1048,Rail-Link,Singapore,11244,2462.0717038970174,2712.0406246793787
1049,Rail-Link,London,11803,4329.10708940321,1887.968844147196
1050,Rail-Link,Shanghai,11047,1267.0918343904161,2198.4038258548308
1051,Air-Express,Shanghai,3628,4828.722197457111,7555.548310381575
1052,Air-Express,New York,6408,3946.572006370231,7332.020588307357
1053,Ground-Truck,London,11170,2576.56898889323,5580.356943613263
1054,Ground-Truck,New York,8033,3904.2202606313563,6297.9466879118845
1055,Ground-Truck,London,2930,2685.450774445171,6282.675146642483
1056,Rail-Link,Shanghai,14255,3148.2116457380534,2891.3724203409033
1057,Ocean-Freight,Singapore,8966,2504.140589154346,4714.892369785392
1058,Rail-Link,Shanghai,662,2864.947261831331,4412.054595429279
1059,Ocean-Freight,London,1549,4948.049790274545,6077.922177114942
1060,Air-Express,London,12939,313.97925668061066,7579.298325918212
1061,Ground-Truck,London,6536,4237.641430769073,6537.582848378669
1062,Air-Express,Shanghai,6246,313.8967201658702,4252.262323666323
1063,Ground-Truck,Singapore,14294,1003.2889119070569,847.0104292272121
1064,Ocean-Freight,Shanghai,517,2260.518740101927,1619.1351499543907
1065,Rail-Link,London,1283,4961.794296837708,2807.8775987759595
1066,Air-Express,London,10160,2363.0794552946486,3660.881215848873
1067,Ocean-Freight,Shanghai,2856,4013.020133583887,7292.7522410819065
1068,Ocean-Freight,London,1711,3472.6860796203778,4669.036715054243
1069,Air-Express,London,11295,2104.3109419947295,1722.116702592872
1070,Air-Express,London,5479,3441.987229261453,5557.230681693919
1071,Rail-Link,Shanghai,9416,151.12996795715517,5154.212634571838
1072,Air-Express,Singapore,12527,2912.3649656167913,2351.26206034162
1073,Ground-Truck,Shanghai,1629,1612.5046349653403,2164.485381360959
1074,Ocean-Freight,Singapore,2563,4438.95263089338,2800.223503684095
1075,Air-Express,Shanghai,2297,2092.7781458464956,6331.301155745395
1076,Ocean-Freight,Singapore,5737,2333.9873601651916,7115.762427096297
1077,Rail-Link,London,13003,1171.4608502497827,3251.069721252935
1078,Rail-Link,Singapore,1073,1181.9108488177326,3643.991261836118
1079,Air-Express,New York,7809,1526.8934737433888,5680.533421550715
1080,Air-Express,New York,8451,3365.069024214206,928.2535277101395
1081,Ground-Truck,New York,8879,1792.875721047317,2814.5690125613596
1082,Ocean-Freight,Shanghai,5953,1443.3687009280893,2757.997056784234
1083,Ocean-Freight,Shanghai,10264,2395.918099585975,6825.086580155359
1084,Rail-Link,Singapore,12478,566.937967453299,6006.370608195674
1085,Rail-Link,Singapore,11062,3708.950387373317,1865.124800651479
1086,Ground-Truck,New York,7851,222.53196726700472,250.89395431296137
1087,Air-Express,Shanghai,5245,4060.875382886396,5351.457514060726
1088,Ground-Truck,London,8693,449.34978021969255,2986.828083880502
1089,Air-Express,London,8000,4193.821663439232,3190.590582492673
1090,Ground-Truck,New York,1189,4058.83785704691,3446.2695307255162
1091,Ocean-Freight,New York,11741,2609.6016447667025,920.1979088686845
1092,Air-Express,New York,6128,877.433961875683,3332.58616611393
1093,Air-Express,Shanghai,2315,4323.017017054218,814.3743359109399
1094,Rail-Link,Shanghai,4642,1054.1438041915521,142.04831175217947
1095,Ground-Truck,Singapore,14516,982.577296106072,3866.723988240703
1096,Air-Express,Shanghai,5600,4229.262454977443,4182.165501453824
1097,Air-Express,Shanghai,14740,1546.7897398232203,5596.5076411310465
1098,Ocean-Freight,London,6113,2246.486874348157,323.79510857270054
1099,Air-Express,New York,1942,494.472456241168,1000.5322837543235
1100,Rail-Link,London,12465,3883.0686175256824,3666.0987512339548
1101,Air-Express,New York,6158,1020.3918263798787,3827.081073160014
1102,Ocean-Freight,New York,14979,184.81235124302248,4576.909884380639
1103,Rail-Link,Shanghai,14408,1498.0395183354851,1969.6762075006138
1104,Air-Express,New York,646,4235.609222007882,3230.7197882773457
1105,Ocean-Freight,Shanghai,3159,4086.2835164734083,4592.512023073076
1106,Ocean-Freight,Singapore,7932,4099.395467591989,3836.6305426812187
1107,Air-Express,Shanghai,5265,2582.0242364761925,3279.8330294577454
1108,Rail-Link,London,7472,1148.8804158475273,6931.208751679132
1109,Ocean-Freight,Singapore,13412,4998.5465528134055,3769.889711743611
1110,Air-Express,Shanghai,4553,3014.3403801676136,4504.274469586463
1111,Rail-Link,Singapore,6256,2330.008563835368,4197.45588358979
1112,Rail-Link,New York,12570,4154.834235002049,2301.838085883252
1113,Ocean-Freight,Singapore,12946,2331.538043049427,1413.0322275317467
1114,Ground-Truck,Singapore,5346,1123.1833144278546,545.8054957821191
1115,Rail-Link,Shanghai,1232,4581.557576141328,1657.3317140311804
1116,Rail-Link,London,7282,4709.74892830771,5616.461904787649
1117,Ground-Truck,London,2126,1041.5560499574358,5017.426132664945
1118,Ocean-Freight,London,12219,2488.625104054737,6106.179207530902
1119,Air-Express,London,10448,4894.615606742677,571.4401116940821
1120,Rail-Link,Shanghai,6484,3529.625243316384,1139.5536052534167
1121,Ground-Truck,New York,2733,4395.762771601359,6761.239832805883
1122,Air-Express,Shanghai,6195,2020.4207094874355,6305.57194957582
1123,Air-Express,Singapore,10925,4674.731044853533,6254.911486182088
1124,Rail-Link,New York,13343,95.56247765894152,2292.1714019137403
1125,Air-Express,London,1579,2207.3388781216836,117.76359685247868
1126,Air-Express,Shanghai,6658,78.59843231541646,1160.049119228945
1127,Ground-Truck,Shanghai,8708,389.65393965270385,6477.437191591551
1128,Ocean-Freight,Shanghai,4386,587.2701469632211,3553.4388174419364
1129,Air-Express,Singapore,5232,4784.999877446841,297.3927521646335
1130,Rail-Link,Shanghai,2601,382.39528889226875,5386.092957698573
1131,Air-Express,Shanghai,14876,3352.206287736825,3832.515005144257
1132,Air-Express,New York,4273,2448.9815095654626,7185.55960783982
1133,Rail-Link,Shanghai,6024,2534.025291856554,5715.661445706349
1134,Air-Express,London,5832,4042.1048727770903,1022.8820392667227
1135,Ground-Truck,Shanghai,12393,2442.562701215756,4827.324901791567
1136,Air-Express,London,4687,249.2723473929998,3660.793902017309
1137,Ocean-Freight,Singapore,3860,832.086339590234,5755.765500244711
1138,Ground-Truck,London,8308,4003.569950967051,4643.861567022893
1139,Ocean-Freight,Singapore,8182,4230.019301559919,1604.6730726292296
1140,Ocean-Freight,London,11945,2206.9335133829177,5304.397567912604
1141,Air-Express,Shanghai,8892,600.0486941105034,6488.049944354632
1142,Rail-Link,New York,10378,573.6189618147348,3880.9832910202053
1143,Ocean-Freight,New York,14336,3954.762650927207,4364.245941217488
1144,Ocean-Freight,London,12505,4019.519790662421,7520.169738397152
1145,Air-Express,London,6031,3901.8457740187328,2700.969562068829
1146,Air-Express,Singapore,7235,3275.0606246648,2115.6211895220986
1147,Rail-Link,Singapore,10890,3762.465043907188,7349.451082191955
1148,Ocean-Freight,London,7712,418.0153789904374,6876.575481324984
1149,Rail-Link,Singapore,11527,3575.551337316217,772.1342748492984
1150,Air-Express,New York,1018,4908.668934343584,6442.128590788234
1151,Ocean-Freight,London,4750,3136.171336560446,6137.773874128998
1152,Rail-Link,Singapore,6988,3855.6752110701627,971.3009419856025
1153,Air-Express,New York,6455,2628.7255708369667,5196.587772520252
1154,Ocean-Freight,Shanghai,12458,437.70385086908937,4416.283176763571
1155,Rail-Link,New York,11800,4862.679409964906,129.30536233916303
1156,Air-Express,London,5188,1803.929994134214,4279.0497718161505
1157,Ocean-Freight,London,13708,4123.752786947418,2531.502302395048
1158,Rail-Link,Singapore,12866,3015.2427573554155,3410.5352275510713
1159,Ground-Truck,London,2406,113.24606357340228,2810.0795520437414
1160,Ocean-Freight,London,14791,2719.657041220287,1971.6230966858936
1161,Ground-Truck,Singapore,11224,3787.1263140044925,893.5359685858682
1162,Air-Express,London,14287,2339.051307355263,6989.087779224833
1163,Ground-Truck,Singapore,5428,4421.4173897856535,3311.306109576963
1164,Ocean-Freight,London,7755,1115.9082965064124,5491.960733614623
1165,Ocean-Freight,Singapore,13759,3788.770883425203,7649.993940972057
1166,Air-Express,New York,9914,1549.797443103563,1450.2854309012212
1167,Ground-Truck,London,13928,4655.754430906779,4842.405823444784
1168,Ocean-Freight,Singapore,12476,4322.911386651676,7671.499209119041
1169,Ground-Truck,Shanghai,14228,3337.500310064057,7376.522282232341
1170,Rail-Link,Shanghai,7745,421.651571521244,2089.720667174945
1171,Ocean-Freight,Shanghai,544,2321.1824155594627,3818.5792736437984
1172,Ocean-Freight,Singapore,4536,527.9109372299329,4528.823064972157
1173,Ocean-Freight,London,8210,4712.777734415275,1279.3656929540703
1174,Rail-Link,New York,8900,1671.6664523820652,7398.247140870564
1175,Rail-Link,New York,11619,2069.819867175368,5351.233221708938
1176,Rail-Link,New York,7461,982.7871103604241,5652.931887763466
1177,Ocean-Freight,Shanghai,4374,3104.0111709030975,5807.439094028677
1178,Ocean-Freight,New York,4673,249.05012508234464,7505.471540171198
1179,Rail-Link,London,11431,3293.039573427502,1373.094763821272
1180,Ocean-Freight,Singapore,10087,1648.7244773181176,3807.828657944079
1181,Ground-Truck,London,6896,4233.028546460442,5658.682722868429
1182,Rail-Link,London,1497,1017.3830036258402,3371.8861333628606
1183,Ocean-Freight,London,1028,3748.1411135196686,4194.81558601884
1184,Air-Express,Singapore,681,2584.7466790200097,2218.6370994025283
1185,Rail-Link,New York,8963,4742.598631658919,4670.84090043273
1186,Rail-Link,Singapore,13379,3267.8432463452223,3686.9455926705496
1187,Air-Express,Singapore,13869,2863.7392461841646,7034.7207604670475
1188,Ground-Truck,London,1546,4390.9007593204415,5182.361084810661
1189,Ground-Truck,New York,6621,4575.197107022349,5919.467497224747
1190,Rail-Link,Singapore,13789,4888.819255949414,4557.986868270944
1191,Ground-Truck,New York,7698,4749.513391716585,4802.956200507199
1192,Air-Express,London,3166,1937.0402047144696,5810.28212791426
1193,Ocean-Freight,Shanghai,14304,3141.361037636847,2875.718112400318
1194,Ocean-Freight,New York,5075,2236.235214868838,3699.2759664990976
1195,Ground-Truck,London,776,1057.630540703577,6227.749036098582
1196,Air-Express,London,7532,2149.005170111752,4618.953927610927
1197,Ground-Truck,Shanghai,14995,4449.423269443874,2068.509366719827
1198,Rail-Link,London,10200,2050.909687752801,1628.2804974427827
1199,Air-Express,Singapore,2678,2145.7262772910517,4233.364286177843
1200,Ocean-Freight,Shanghai,4533,1900.6165026434633,7287.051514550408
1201,Rail-Link,London,5937,1149.3843157467284,6969.28731957153
1202,Ground-Truck,Singapore,3261,840.6255028305028,1138.9768185185305
1203,Air-Express,Singapore,14875,1292.4789039809061,1059.385857308867
1204,Air-Express,New York,2836,2850.394566381192,6613.821490134923
1205,Ground-Truck,Singapore,8255,246.85318145959081,399.21625625582436
1206,Ocean-Freight,New York,14950,2100.3766685222186,2400.3221010347925
1207,Ground-Truck,New York,3828,2475.140883325894,1299.0870600433486
1208,Ocean-Freight,Shanghai,3713,896.5371411127555,4746.789496089569
1209,Air-Express,New York,11635,3715.7353622036685,5689.45833768794
1210,Rail-Link,Shanghai,5363,1986.6963759962691,2756.93863531054
1211,Air-Express,Shanghai,406,422.61003395650874,5099.642196957055
1212,Ground-Truck,Singapore,5959,756.0703235084195,2027.1289926487475
1213,Air-Express,Shanghai,3068,1194.0104206920687,6605.784957046805
1214,Air-Express,Singapore,1356,1060.2655267746927,5127.1256829551485
1215,Rail-Link,London,3661,4118.052233388859,5962.091232519913
1216,Air-Express,Shanghai,14474,2685.0436751773655,2401.7338731466994
1217,Ground-Truck,Singapore,14688,1407.622310537587,5340.146708799409
1218,Air-Express,Singapore,8271,3868.7604810534217,5447.494930980998
1219,Air-Express,Shanghai,12867,3898.1193763119068,2133.8525125312985
1220,Rail-Link,London,4668,4330.294605525475,4688.186020256486
1221,Rail-Link,London,14921,4130.682158020217,4518.825331002354
1222,Ocean-Freight,New York,2658,875.8956295638939,2903.820952255013
1223,Air-Express,Singapore,9169,4479.066240251014,3584.91513231298
1224,Ocean-Freight,New York,3943,483.11155793083066,1265.3299023970048
1225,Ocean-Freight,London,13789,3297.876585552736,7434.071686184398
1226,Ground-Truck,London,1374,2006.0625828376349,2258.380749961268
1227,Ground-Truck,New York,14671,2568.622418371493,7459.925133977558
1228,Air-Express,Singapore,13327,2293.1720516635396,7402.984147782808
1229,Ocean-Freight,Singapore,5113,2443.098138996703,3512.022596378657
1230,Ocean-Freight,New York,7549,658.2443484469313,4610.723079022513
1231,Ground-Truck,New York,7707,3969.6630265615586,312.1266791437684
1232,Air-Express,New York,11605,73.69897537639821,4450.893223982016
1233,Ground-Truck,New York,8848,404.85520423027106,4679.626535150783
1234,Ocean-Freight,London,11841,4676.669219079715,6485.461686575907
1235,Rail-Link,Shanghai,1865,2778.906917356376,1032.4147221490011
1236,Ocean-Freight,Singapore,12460,59.18609861119044,2949.489799861419
1237,Ground-Truck,New York,8778,4383.82851308622,7956.461083371269
1238,Ground-Truck,Singapore,14081,2384.0961125365206,5375.759408478232
1239,Ground-Truck,London,10416,4814.394555546714,757.3454508555226
1240,Ocean-Freight,New York,12818,4001.556088249388,2138.810722901264
1241,Air-Express,Singapore,6245,4870.21892731389,4579.398731366759
1242,Ocean-Freight,Singapore,5014,1420.389450639562,7750.750339407802
1243,Ground-Truck,Singapore,8191,3598.7029068085303,5694.0588730680065
1244,Ocean-Freight,New York,7663,3456.5559196202976,6778.714734802843
1245,Ocean-Freight,London,12447,4926.420861293187,1229.344234373005
1246,Ground-Truck,London,10009,2544.610382226697,5576.355876038853
1247,Ocean-Freight,Singapore,6927,1072.4019793038826,7970.284328812496
1248,Rail-Link,London,13260,542.1131714124119,4388.325096567767
1249,Ocean-Freight,Singapore,9092,4997.729733686064,4647.950537274538
1250,Air-Express,Shanghai,6790,4115.335138888661,6751.422092895068
1251,Air-Express,Singapore,7608,3172.252832093088,7408.848146780154
1252,Ground-Truck,Singapore,12937,354.95596384561816,3830.2313182377366
1253,Ground-Truck,London,4599,2205.2697350892904,3110.871198811428
1254,Ocean-Freight,Singapore,2988,2957.4899812563035,7030.389037502834
1255,Air-Express,Shanghai,193,4715.346248372168,4604.352509622533
1256,Ocean-Freight,New York,9526,53.62525064386468,4813.616258424234
1257,Ground-Truck,Singapore,11537,3492.5473943224865,1658.403325184257
1258,Ocean-Freight,London,6628,1002.9971327639183,5348.384019639611
1259,Air-Express,New York,8632,4097.292510829378,2120.8123431133354
1260,Rail-Link,Shanghai,12053,3402.9856321668804,5206.136860289854
1261,Ground-Truck,Shanghai,12882,4186.188341040999,1829.111391468316
1262,Rail-Link,Singapore,9105,291.6316745499509,1568.3966315149569
1263,Rail-Link,Shanghai,8076,584.5296256183274,7339.129346644113
1264,Ground-Truck,London,10695,221.2665579315818,6323.687455883177
1265,Ground-Truck,Singapore,10144,530.2302107134352,4272.25787054363
1266,Rail-Link,New York,6588,1431.9231910360395,1037.1375772758158
1267,Air-Express,London,327,223.88674961465517,4278.663194314497
1268,Ground-Truck,London,7783,2914.4466108496285,7124.0410498102265
1269,Ocean-Freight,New York,1872,4932.77769421269,5246.6185133309145
1270,Air-Express,New York,8901,471.8677937329892,2425.939540726416
1271,Air-Express,New York,203,2185.1509218754113,3366.82701076977
1272,Air-Express,London,6662,2327.642285517673,705.932941952347
1273,Ocean-Freight,London,5101,287.2102132822416,1062.3370816968218
1274,Ground-Truck,Shanghai,6959,2584.3715071861056,4324.193260798487
1275,Ocean-Freight,New York,11247,4473.088940193271,2015.693198817299
1276,Rail-Link,Singapore,1354,2415.6043077539657,2601.6018095356094
1277,Ocean-Freight,Singapore,10245,2585.2151527814235,583.4821791070817
1278,Rail-Link,Shanghai,3130,245.47907011146108,7174.645792730728
1279,Air-Express,London,11867,3304.006431164021,999.9917820525185
1280,Ground-Truck,London,1855,1776.2753381034133,3953.9930550798813
1281,Ground-Truck,Singapore,948,3159.457893769247,2573.191618396384
1282,Ground-Truck,Shanghai,10027,114.89691650509484,7133.31958279539
1283,Rail-Link,Shanghai,3311,4755.560168455539,1883.9357657751582
1284,Ground-Truck,London,13322,3344.121315555459,3421.4430968800225
1285,Ocean-Freight,Singapore,11818,4545.506308947904,5669.782618565252
1286,Ground-Truck,New York,4301,3862.808216162382,7935.341461006742
1287,Rail-Link,Shanghai,12283,589.4561221436388,3240.270329510756
1288,Ground-Truck,Singapore,5392,512.93951301325,3324.9229819758125
1289,Ocean-Freight,Shanghai,14502,4583.919088264134,1207.863814181572
1290,Air-Express,London,438,1430.877797323763,6974.995162597648
1291,Air-Express,Shanghai,10613,3623.2094884295952,2352.9282106675214
1292,Air-Express,New York,2855,2661.6761260882035,305.7954817991736
1293,Ocean-Freight,London,7861,4707.152310660514,2863.405544953824
1294,Ground-Truck,Shanghai,7284,158.15104879348718,555.1092661304251
1295,Ground-Truck,Shanghai,6174,4520.501019225733,2953.433096582768
1296,Ocean-Freight,Shanghai,14939,2622.732594838319,2550.335553485941
1297,Ocean-Freight,London,7264,180.00592393904304,1354.1579272636202
1298,Ocean-Freight,New York,8575,2439.8996260303215,7354.017001102968
1299,Air-Express,Singapore,5431,1973.765909671908,3891.948010411307
1300,Ground-Truck,London,4404,3364.2572485348023,2525.3564116733774
1301,Air-Express,London,11364,2365.1434769123257,6687.6874728636785
1302,Ocean-Freight,Shanghai,10338,2896.7609724551044,4295.106266691542
1303,Rail-Link,New York,14314,577.9055603155778,3207.7258129868137
1304,Ocean-Freight,Singapore,12116,2428.564873430459,1014.2435085303363
1305,Ocean-Freight,Shanghai,13300,634.6421350724316,2767.027909929288
1306,Ground-Truck,Shanghai,6555,2653.797254299719,3549.6017641295466
1307,Ground-Truck,Singapore,8974,956.7779735538559,5236.0234611537135
1308,Air-Express,New York,14190,4452.656457825679,6504.496308720326
1309,Rail-Link,Shanghai,1713,3562.052456518164,5766.629354363402
1310,Rail-Link,London,6493,4502.206869880806,2266.110150653743
1311,Rail-Link,New York,12067,2387.291473756803,2864.1258724904455
1312,Ocean-Freight,Singapore,10953,688.1262932347613,4879.702509711062
1313,Rail-Link,Singapore,8869,408.00759212029885,7703.9399794108695
1314,Ocean-Freight,London,2970,2446.0649053636553,3451.504399750862
1315,Ground-Truck,Singapore,8314,113.65755056596947,6432.0620319909085
1316,Ocean-Freight,London,233,1800.7162474503473,7153.741899095296
1317,Rail-Link,Singapore,11660,2347.863244196605,5851.806870985449
1318,Ground-Truck,New York,14681,782.7134596560734,5246.574294445486
1319,Air-Express,New York,4405,1666.5144445837338,3426.5090590004006
1320,Ocean-Freight,London,5571,69.19319557897191,4423.19335134731
1321,Rail-Link,Singapore,3875,1867.471461224533,205.11477218109633
1322,Air-Express,New York,1735,1493.3811656408584,3060.0449869246413
1323,Ocean-Freight,Singapore,12438,3252.498797782016,5434.7497978582005
1324,Ocean-Freight,Singapore,1540,1828.2814791985004,712.4767550309642
1325,Rail-Link,New York,12112,938.1000126179517,2643.009965141828
1326,Rail-Link,Singapore,9905,1982.7506332157025,2893.7879873836737
1327,Ocean-Freight,London,7778,672.6407089610733,3719.9815120162625
1328,Ocean-Freight,New York,10984,1600.8182394241048,6139.053165222655
1329,Rail-Link,Shanghai,11840,2710.3378400519746,1170.943301593445
1330,Rail-Link,London,3548,3723.8335748055324,1227.8908980869564
1331,Ground-Truck,New York,10961,2998.0896602013795,3041.9605817210104
1332,Air-Express,New York,3162,4612.232178607092,2563.5502560583577
1333,Ocean-Freight,London,608,2318.5387886602894,6607.504167166489
1334,Air-Express,Singapore,3428,1504.3684924081642,346.12638953661354
1335,Ground-Truck,New York,10490,2417.569643298669,6716.669507373105
1336,Ocean-Freight,Shanghai,2886,4722.09924563569,6351.903966229983
1337,Ocean-Freight,Singapore,10752,7.558874016145774,4883.873143405661
1338,Ocean-Freight,Shanghai,1459,3523.369705243205,1338.7133256371897
1339,Ground-Truck,Singapore,4989,721.2396699284792,6002.35922691661
1340,Ocean-Freight,Singapore,4534,792.2639826586185,783.0421837953866
1341,Ground-Truck,London,13280,2522.3693452215966,2151.971948969165
1342,Rail-Link,New York,5434,3912.9919412726003,1270.6563088703188
1343,Ocean-Freight,London,13653,2369.8016105800807,343.6560666320411
1344,Air-Express,New York,1598,4930.949357140858,7279.1281864062785
1345,Rail-Link,Singapore,13914,742.5382134882918,3923.0091455073652
1346,Ground-Truck,London,2213,4876.451951860258,6011.9346277508375
1347,Air-Express,New York,1545,3404.4528459655344,7302.949463763002
1348,Ground-Truck,Shanghai,10519,4292.799640597338,2761.787891305442
1349,Air-Express,Singapore,3806,3204.5900692939645,7451.913526728946
1350,Ocean-Freight,London,14089,2379.924711792443,263.653212125721
1351,Air-Express,London,4125,4445.241855578804,6835.960321394061
1352,Rail-Link,Shanghai,3322,3126.594092345201,6957.332192910948
1353,Rail-Link,London,5453,608.5551263600682,3427.6011496642873
1354,Rail-Link,London,2272,2337.662248443339,1634.1681684811797
1355,Rail-Link,New York,7899,1091.2387103305728,4533.251234372508
1356,Air-Express,Shanghai,2873,3989.2662610496914,2992.3080295954273
1357,Air-Express,London,5307,3946.2161203891856,6772.779746221673
1358,Ocean-Freight,London,3380,491.1733420438031,1590.9812804860421
1359,Rail-Link,New York,11257,31.866765244512358,7290.464179509209
1360,Ocean-Freight,London,6798,2357.9931837473323,6731.7452410957385
1361,Ocean-Freight,Shanghai,2828,3830.616135912144,7508.523030389059
1362,Rail-Link,New York,10570,3636.8244124880866,6514.97808078728
1363,Ocean-Freight,Singapore,5739,277.7246706007254,5606.79823424902
1364,Ground-Truck,Shanghai,7662,1557.7556142371538,1348.8486396998424
1365,Ground-Truck,New York,10102,2420.142778478473,3024.956802577209
1366,Ground-Truck,London,11926,2888.607388465762,1565.6397203906897
1367,Ground-Truck,London,7750,2021.338149699668,3464.7953261322596
1368,Ground-Truck,London,4526,2754.0254864017975,7145.486754073542
1369,Rail-Link,Shanghai,10639,4642.376782110131,1958.2291724390373
1370,Air-Express,Shanghai,3049,226.525326216257,1564.987845091324
1371,Air-Express,Singapore,8132,2198.312590221585,3388.162319194457
1372,Ocean-Freight,Singapore,12793,853.9541821090266,4282.409022213787
1373,Ground-Truck,Singapore,10617,1444.127041186481,5664.788629396948
1374,Ocean-Freight,Shanghai,3929,1080.2497518705366,6742.085592968534
1375,Air-Express,Singapore,6185,1786.398851679354,6470.285398584234
1376,Air-Express,Singapore,9345,3547.9258215008854,3347.3693735879697
1377,Ocean-Freight,Singapore,9917,1164.8351433276637,3952.0659597999215
1378,Rail-Link,New York,8338,3099.5312213657885,3559.6139021444583
1379,Ocean-Freight,Shanghai,3022,2561.446658566415,411.2655163218737
1380,Ocean-Freight,Singapore,13220,4182.927586174351,4418.76627586965
1381,Ground-Truck,Singapore,607,1185.9956014113513,4162.435480448166
1382,Air-Express,New York,12272,1174.3647772087834,2124.338756683461
1383,Rail-Link,Singapore,13584,889.0510071358826,2763.8781787205057
1384,Ground-Truck,Singapore,861,1841.1362863342663,1131.169039088297
1385,Ocean-Freight,New York,5454,185.16427663022552,1004.4222711550998
1386,Ocean-Freight,Singapore,3177,2658.925699837154,2806.1186121489086
1387,Rail-Link,London,13995,2315.412703374236,3005.1439058530327
1388,Ground-Truck,New York,7468,4045.371610296317,3244.034690380131
1389,Ocean-Freight,Shanghai,4679,3785.7288811174017,2598.132868603324
1390,Ocean-Freight,New York,3902,1180.6216641659557,7148.1326721196765
1391,Ocean-Freight,Singapore,12783,4331.194298470843,7498.016346875488
1392,Ocean-Freight,New York,14239,4805.399727323093,4586.038715746377
1393,Rail-Link,London,9909,2770.6421516212868,4373.094297215027
1394,Air-Express,Singapore,9546,4020.553619106972,1354.49673482578
1395,Ocean-Freight,Singapore,11678,2725.7215668194417,4979.787357699419
1396,Rail-Link,London,14722,3293.86663323467,4236.89068187679
1397,Ground-Truck,Shanghai,14609,2101.451702628998,3110.6533271787
1398,Ocean-Freight,Singapore,6796,4768.336616935612,4510.879084454517
1399,Ocean-Freight,New York,11229,1537.8076345079867,3618.2702278451293
1400,Ground-Truck,New York,4448,2809.768441074923,7813.464993515782
1401,Air-Express,Singapore,3799,3694.379713597335,1638.8498407865454
1402,Ocean-Freight,Singapore,7696,4480.157156576702,6667.26355950867
1403,Rail-Link,Singapore,12395,4865.912863777206,7120.0145966263535
1404,Rail-Link,Singapore,8175,2748.13625869801,2157.8282122478677
1405,Ocean-Freight,New York,3140,3328.2047303418517,5910.962284721216
1406,Air-Express,London,14144,2873.078450754622,2410.3904503876483
1407,Ground-Truck,Singapore,3519,1188.9034740714437,7654.478237092581
1408,Ground-Truck,London,9862,2676.9422518429806,5104.135819441931
1409,Rail-Link,Shanghai,9494,4150.9961805517405,7533.74233809886
1410,Air-Express,New York,12141,3556.7745930286765,3082.4959653001406
1411,Air-Express,Shanghai,13888,2822.5942474757517,6195.009093016745
1412,Ocean-Freight,Shanghai,11665,194.73759247380673,2760.5214022606983
1413,Ground-Truck,Shanghai,3078,3953.3955924863253,6276.4390284454075
1414,Air-Express,London,9860,2264.339519021411,1844.5609807007877
1415,Ocean-Freight,London,10185,320.81768494103585,5954.308368890281
1416,Ocean-Freight,Singapore,13130,3386.4425059459336,5721.2294934809925
1417,Rail-Link,London,3878,645.1475915629846,4211.232240009149
1418,Ocean-Freight,Shanghai,1884,1968.0125860008302,554.483561726669
1419,Air-Express,Singapore,1117,766.7649066622897,6395.583386243652
1420,Air-Express,Singapore,2497,651.765235670649,6575.494679613694
1421,Rail-Link,Singapore,9837,3600.5578885857235,5147.401469613472
1422,Rail-Link,Shanghai,10157,141.04890605688365,2647.6730107417106
1423,Ocean-Freight,Singapore,1262,3498.422945205902,5890.013876382542
1424,Rail-Link,Shanghai,9612,488.6948293713412,1264.7612724152223
1425,Ground-Truck,New York,1120,2190.8296939259135,5730.388190020969
1426,Air-Express,Singapore,5763,764.8578964338128,759.9058786335748
1427,Air-Express,London,10117,1522.5522056111636,3534.9063411796837
1428,Rail-Link,London,13470,4080.8999848596054,3938.7196623927803
1429,Air-Express,Shanghai,7751,2860.468901067469,2283.133885809808
1430,Rail-Link,Singapore,1567,345.9383708516166,6401.221510245106
1431,Ground-Truck,Singapore,280,2778.2279479722883,4582.696936780903
1432,Ground-Truck,London,7389,301.6716519967914,2093.515724700719
1433,Air-Express,Shanghai,8817,3291.0424100563264,2594.439375124562
1434,Ocean-Freight,Singapore,3540,3466.121519307781,6310.6168375337365
1435,Ocean-Freight,New York,13219,1370.945982201197,4603.957377797689
1436,Air-Express,New York,10350,3689.05062519338,779.7523751818995
1437,Ground-Truck,Singapore,5370,2459.3686230761828,7030.233383894016
1438,Rail-Link,London,3695,934.5869895371825,783.3923011895646
1439,Rail-Link,London,1749,182.9448133393686,2672.37168640616
1440,Air-Express,London,12160,4595.105327096367,221.4939277720239
1441,Ocean-Freight,Shanghai,8751,1389.0349851130652,5536.523125535656
1442,Air-Express,Shanghai,9178,4808.505698374742,280.4711255346808
1443,Ground-Truck,Shanghai,9368,1901.4566414761323,6234.763998382516
1444,Ground-Truck,Shanghai,5264,2541.393981817943,242.416351396284
1445,Rail-Link,Singapore,4384,2910.355561562728,4977.662270274014
1446,Rail-Link,London,13399,2531.4934829114186,4802.402108310362
1447,Ocean-Freight,New York,10336,822.6608234932775,6338.677933980809
1448,Air-Express,New York,11176,4281.989737553646,5280.886336436062
1449,Rail-Link,New York,10440,1114.9293243291045,3871.523302085184
1450,Ground-Truck,New York,12935,68.2284140469733,364.4376589773261
1451,Air-Express,Singapore,2236,3077.5599079705353,2016.446510283169
1452,Air-Express,Shanghai,4823,4042.4656966737953,3312.394426097307
1453,Air-Express,Singapore,1788,2514.0219477786313,6647.560221705057
1454,Rail-Link,Singapore,8048,893.6026719574448,7524.663880000923
1455,Air-Express,New York,426,4182.336431517159,3920.3303550754754
1456,Ground-Truck,New York,4427,2034.3658143136558,5071.247513232871
1457,Rail-Link,London,5441,2646.208899812524,7754.3744670442575
1458,Ocean-Freight,Singapore,14643,3791.9926465505514,457.8413605261177
1459,Ocean-Freight,London,8565,1403.1839210862886,3624.4290630424844
1460,Ground-Truck,New York,8595,1580.3768682513391,6129.294201016523
1461,Ocean-Freight,London,3117,4233.56507475776,1715.1657217376187
1462,Ocean-Freight,New York,11816,4255.558673573243,6917.030289820582
1463,Ground-Truck,Singapore,12601,162.11489690337024,5200.267026524503
1464,Ocean-Freight,Shanghai,3181,1337.945007589377,3848.2762236822887
1465,Ground-Truck,Shanghai,962,2183.8192808632043,7122.388330698536
1466,Rail-Link,Singapore,14983,3831.322067245261,1044.5838734847182
1467,Rail-Link,Singapore,5957,1349.045167429155,5096.803737674396
1468,Ground-Truck,New York,7466,3993.5573944058287,5530.469179399902
1469,Ground-Truck,New York,6862,4385.904928511613,6344.175546470838
1470,Rail-Link,London,12341,3077.3076911625417,866.4166596112217
1471,Air-Express,Shanghai,7301,2432.369394644336,2705.484409958662
1472,Rail-Link,Singapore,9099,4903.641148128721,3598.5893091519024
1473,Ocean-Freight,Shanghai,4645,864.2870405976612,1789.99142377684
1474,Ground-Truck,Singapore,10074,4947.628847791234,2607.737288904113
1475,Ocean-Freight,Shanghai,5058,2124.9255598168625,6211.665112697365
1476,Ground-Truck,Shanghai,5785,203.61390646831026,1747.1492266123719
1477,Ground-Truck,London,4966,1115.728840915615,3596.516411848729
1478,Ocean-Freight,Singapore,1607,1789.4464201041715,4461.23987847758
1479,Rail-Link,New York,13018,289.9984352168718,4395.263811224515
1480,Air-Express,London,2909,404.8406104854754,1147.642571766317
1481,Air-Express,London,9051,3698.4941178600075,7141.899526174113
1482,Ground-Truck,London,8491,2296.7528085851345,3724.419620412578
1483,Ground-Truck,Singapore,3447,83.15127833656179,5061.6178861723765
1484,Ocean-Freight,Shanghai,1259,2616.675178997749,3702.5393283289673
1485,Rail-Link,Singapore,11235,4400.636963016601,7057.931416337635
1486,Air-Express,Shanghai,3190,1718.355589950953,6163.695635017305
1487,Ground-Truck,New York,1542,2276.7116940098,5783.425576927567
1488,Ground-Truck,Shanghai,13688,4075.113180069446,450.34647127913274
1489,Rail-Link,New York,4190,3731.243812436708,3533.8479619050017
1490,Ground-Truck,Shanghai,14626,2641.4497493530566,3144.3607732520095
1491,Rail-Link,London,12533,3968.4539407138627,5687.688220409241
1492,Rail-Link,Shanghai,13852,779.7444260468363,2575.970328825714
1493,Ground-Truck,New York,1546,1253.7704067344555,7571.903392899352
1494,Air-Express,Singapore,12012,1262.4989788998334,7680.048193808486
1495,Rail-Link,Singapore,7144,2211.8774845841854,4582.606524687083
1496,Ocean-Freight,Singapore,3033,4030.594551426509,2774.2249591507725
1497,Ocean-Freight,Shanghai,5050,3476.8109085114593,491.3554966202136
1498,Air-Express,Shanghai,7382,2354.1768597428354,6984.172767771576
1499,Rail-Link,Shanghai,701,4698.3836253081,6927.435977503588
1500,Air-Express,Shanghai,9755,4545.23220431025,280.9097400252268
1501,Air-Express,New York,9811,2065.05558509318,188.04093811400878
1502,Ocean-Freight,Singapore,14852,517.0089946693573,6484.672998542381
1503,Ground-Truck,New York,7968,347.6032498302041,3255.6483617875942
1504,Ocean-Freight,London,508,4091.161718738488,1948.3874279629097
1505,Ocean-Freight,London,13907,973.3291879852424,847.129356455504
1506,Ground-Truck,London,11181,3620.5956882177147,3880.597197303744
1507,Air-Express,Singapore,1910,159.75649476634456,3796.6343213275777
1508,Air-Express,New York,5783,2818.382704444297,6183.119415853621
1509,Rail-Link,London,14907,670.898272705955,2995.6363655292585
1510,Rail-Link,London,13846,3923.125139283803,1826.5231321229728
1511,Ground-Truck,New York,4829,3507.6604192540117,1913.2109358106022
1512,Ocean-Freight,Singapore,13547,170.30418520294992,5404.518057662021
1513,Rail-Link,London,8739,2951.3116410689922,565.442425111594
1514,Ground-Truck,London,3929,1080.5555327235425,4862.997604618799
1515,Ground-Truck,London,6740,563.3022603793141,6478.356344576848
1516,Ocean-Freight,Singapore,12204,2836.9300420117074,1883.2108342414053
1517,Ocean-Freight,New York,4489,4309.606153190033,502.03485347142106
1518,Air-Express,London,8328,4078.1579029266845,2973.858184605105
1519,Rail-Link,New York,14309,3784.4149809458177,568.8438892875158
1520,Ground-Truck,Singapore,13594,2323.8768276591145,3020.548283362744
1521,Air-Express,Singapore,1767,4266.966836292626,2026.208975961272
1522,Ocean-Freight,New York,14177,3154.2584529813694,3703.978281291557
1523,Air-Express,London,9821,4904.687500619749,5388.252942417209
1524,Air-Express,Singapore,9215,4433.4420384084115,3100.3866562915878
1525,Ground-Truck,London,1371,1181.1582798416487,1777.7815885028817
1526,Ocean-Freight,Singapore,1239,1264.2740310482063,7578.353467990562
1527,Air-Express,New York,14247,2895.97834806858,5285.512716994489
1528,Ocean-Freight,London,2173,2510.1632291327014,6036.077493182208
1529,Air-Express,London,11052,4205.18737740828,6748.804559477664
1530,Ocean-Freight,New York,9721,356.3309410800935,1125.7047226169577
1531,Air-Express,New York,6878,1967.7580104892274,3167.2984810061635
1532,Ground-Truck,New York,1206,2396.1513658398517,1827.1057418778696
1533,Air-Express,London,5719,1071.563540445215,7607.045009882004
1534,Ocean-Freight,London,972,1827.2240518628266,2076.7309800589937
1535,Air-Express,New York,7671,3489.1216738797257,3133.3995696948386
1536,Air-Express,Singapore,8431,3794.225750197483,2991.56514839425
1537,Ocean-Freight,London,5307,4563.0151770662615,6662.58730543512
1538,Air-Express,New York,2482,4289.216362344492,3156.643387044381
1539,Ground-Truck,New York,14440,867.4499052159396,4916.269008744587
1540,Ocean-Freight,Shanghai,12574,3174.0466806904305,4834.561408127994
1541,Ocean-Freight,London,2007,3658.515215609009,1918.2708849816927
1542,Air-Express,Singapore,5157,4515.435672036067,5666.329267318331
1543,Rail-Link,New York,2189,1141.8486464176908,6921.8211859630865
1544,Ground-Truck,Singapore,1436,477.327411379631,274.7878859586152
1545,Air-Express,London,577,3028.2737154175666,4138.667739921026
1546,Air-Express,London,3774,697.6482570271654,5740.689302507582
1547,Rail-Link,Singapore,5108,2396.102488450793,7093.595818169656
1548,Air-Express,Shanghai,8837,4423.872741992956,7401.619067576627
1549,Ground-Truck,New York,9822,3743.6820199783056,4114.15621760224
1550,Air-Express,New York,10235,4747.325627925771,5888.617523596983
1551,Rail-Link,Shanghai,8341,2326.2208395145676,5226.807934719369
1552,Ground-Truck,Singapore,9641,3048.0423328517586,991.0070093196994
1553,Ground-Truck,Singapore,3273,3409.278982139614,7085.829712029644
1554,Air-Express,London,454,947.6520048721117,6141.704773369252
1555,Air-Express,New York,13326,727.212178344508,5031.873574213661
1556,Ocean-Freight,London,5924,1537.0263658131032,3845.2293250370954
1557,Rail-Link,London,14728,347.7064240013753,7125.052900295045
1558,Ground-Truck,New York,1727,2765.9165036388663,5980.71249639493
1559,Air-Express,Shanghai,2510,94.22345896133133,608.1120227687065
1560,Ground-Truck,New York,9525,129.13305897269532,4705.4317176917475
1561,Ground-Truck,Singapore,913,3842.1261341773375,6513.287000361113
1562,Rail-Link,New York,4480,3260.5441189077733,236.40973637779757
1563,Ground-Truck,London,2510,1068.6831983175875,1392.4169842063013
1564,Ocean-Freight,Shanghai,13938,2670.7417926967114,2460.2560169034846
1565,Rail-Link,London,5689,4583.5651389544455,4513.428567302387
1566,Ocean-Freight,London,1499,1783.2921905805297,4105.787552499702
1567,Ocean-Freight,New York,6924,3303.8112869873958,7281.974944072967
1568,Air-Express,Shanghai,10386,1214.9811819473252,6155.125525196957
1569,Rail-Link,Singapore,1660,4010.058998027143,7779.942445484697
1570,Ground-Truck,Singapore,8688,4014.4463377734587,4140.243044161738
1571,Ground-Truck,Shanghai,3496,297.5632034233244,5725.734873816661
1572,Ground-Truck,New York,4645,249.0122800672585,7181.135584968681
1573,Air-Express,Singapore,5775,1865.2208004118079,1206.354608800683
1574,Ocean-Freight,Singapore,12447,1884.956438451626,815.4396235997813
1575,Ocean-Freight,New York,9427,4725.7241369034,6838.903910220191
1576,Air-Express,London,11252,4663.652434186688,1087.8011212692186
1577,Ground-Truck,Singapore,14558,2641.3981964296113,2574.289470077643
1578,Air-Express,London,8136,601.8049095913574,5667.08809176855
1579,Air-Express,Shanghai,10262,1602.4408745160717,2815.2727762471013
1580,Rail-Link,London,7392,2938.292252288517,1727.8895143911222
1581,Rail-Link,New York,14222,1643.1164596943183,5623.31293566427
1582,Ocean-Freight,New York,14047,3984.956842794312,7862.630086150243
1583,Ocean-Freight,Shanghai,1274,3717.5363143553336,4559.306623174896
1584,Ocean-Freight,London,11604,4460.49570226181,6308.066360492435
1585,Rail-Link,Singapore,6732,2793.9183073638706,1086.5253939756512
1586,Ocean-Freight,Shanghai,3030,4782.9060237279455,7356.97069380597
1587,Ocean-Freight,New York,12934,2616.0477140155754,4735.400118388055
1588,Ocean-Freight,Shanghai,5902,3080.666372527187,2529.3388169585746
1589,Air-Express,Singapore,11314,2150.4412438544696,1595.4299588486072
1590,Ocean-Freight,New York,6175,1305.9302208521503,3162.8889280691633
1591,Air-Express,Shanghai,14892,1202.1628887075078,5687.366238416681
1592,Ground-Truck,London,157,2826.0732309909663,418.27018510934766
1593,Air-Express,Shanghai,14151,3283.519378652739,4320.433935776101
1594,Ground-Truck,Singapore,5202,25.648072090640603,6277.010123931668
1595,Air-Express,Shanghai,5122,1128.9645779920343,6294.403797905328
1596,Ocean-Freight,Singapore,6622,882.5385130717763,517.0347487422978
1597,Air-Express,Singapore,11116,2736.5706709693286,7836.875797668329
1598,Rail-Link,London,8382,4585.869640885187,5985.701848864808
1599,Ground-Truck,New York,7656,3203.9438444024377,7165.523252995036
1600,Ocean-Freight,New York,1457,3593.740625600554,6453.20888374406
1601,Air-Express,Shanghai,10048,1710.4039093436609,7786.021005376781
1602,Rail-Link,London,1954,1983.083345115268,2429.712557894726
1603,Air-Express,New York,1714,1187.6892978016276,7770.276112178836
1604,Ocean-Freight,Shanghai,1224,1001.9791694412572,6968.007513510133
1605,Rail-Link,New York,10640,2444.6748971215125,3288.505499264103
1606,Rail-Link,New York,12498,784.7501996819148,7467.16967587163
1607,Rail-Link,New York,10940,368.71911956417966,3218.979307016563
1608,Ocean-Freight,New York,10724,4058.736881877955,1730.5735561064375
1609,Ground-Truck,London,1439,3256.421458345544,3038.2596847138207
1610,Rail-Link,London,4661,831.6538646084218,4309.503468342917
1611,Air-Express,Shanghai,4878,3156.3966595671945,7780.858950254041
1612,Air-Express,London,4034,2585.2771743668914,4498.982906285603
1613,Air-Express,New York,4393,2930.0697278326297,6502.190868923845
1614,Ocean-Freight,Shanghai,14601,1254.8369432836919,4036.6437818668096
1615,Rail-Link,London,4226,4542.2623272229675,4077.64604914994
1616,Air-Express,Shanghai,1657,4184.083092706623,3653.5821130389872
1617,Ground-Truck,Shanghai,13602,14.873441359258543,7174.14098181838
1618,Air-Express,London,14037,1462.6572155302897,666.0116935375407
1619,Ocean-Freight,New York,12010,3286.059879341504,5356.669747531672
1620,Ground-Truck,Shanghai,13624,4862.808567418513,1179.6131041192418
1621,Rail-Link,Singapore,7569,401.30136132223777,1747.4470931900364
1622,Rail-Link,New York,509,3597.3916179957423,835.9225189920935
1623,Rail-Link,Shanghai,4187,2664.8369047917618,6321.484237491805
1624,Air-Express,Singapore,13240,3375.325229745128,7780.274797167861
1625,Rail-Link,Shanghai,13886,1682.5931525565136,1037.5197648161857
1626,Ground-Truck,Shanghai,2290,3489.4506718002885,2206.300553689416
1627,Air-Express,Singapore,4274,2779.07931448691,2624.306391118403
1628,Air-Express,Singapore,10794,4715.300708410831,6427.612443377907
1629,Air-Express,New York,7627,3385.657165374139,7616.130530651457
1630,Ground-Truck,Shanghai,14089,2905.255379959079,6668.319563537383
1631,Air-Express,London,11676,2453.3004513986866,502.6607833856627
1632,Ground-Truck,Singapore,1316,732.6877074493229,3366.822324963413
1633,Ocean-Freight,Singapore,8062,3919.4755274695094,7986.067841792137
1634,Ground-Truck,Shanghai,12628,1495.5627154596814,2937.0511715267626
1635,Air-Express,New York,9239,987.0513614821893,5365.670187609558
1636,Air-Express,Shanghai,4227,1820.3857195427645,3009.013603313019
1637,Ocean-Freight,London,6206,1810.485210571541,5100.941375123262
1638,Ocean-Freight,London,1120,513.5401698492306,6013.434174996677
1639,Ground-Truck,London,11820,2550.7914119312263,164.59853702918406
1640,Ocean-Freight,London,3031,930.1116319469086,5974.92847714953
1641,Rail-Link,New York,3058,2356.7751253804777,602.2706601211327
1642,Ground-Truck,Singapore,6869,3310.9827312800785,5928.389693342196
1643,Ground-Truck,New York,5822,1021.6435347027523,2595.7471898099598
1644,Rail-Link,Shanghai,7889,4726.07273508538,1860.9235805784688
1645,Rail-Link,Singapore,7831,2571.686838352713,7478.391621868213
1646,Rail-Link,New York,8664,4489.404363903729,4264.8178340752675
1647,Air-Express,London,5538,4230.601857956514,7009.637175837111
1648,Ground-Truck,London,8579,4211.25239350434,5259.298555826292
1649,Ocean-Freight,New York,6881,1084.7628340755891,1418.109809240882
1650,Ocean-Freight,London,6688,602.2035493351102,2355.3493069442793
1651,Ocean-Freight,Shanghai,2070,2105.9797035328525,5082.288488425905
1652,Ground-Truck,London,5523,523.6313080823481,5127.148425372853
1653,Ground-Truck,Shanghai,3005,2375.945612927616,2861.824006059365
1654,Ground-Truck,Shanghai,3775,2617.9444966426927,3580.5037825346517
1655,Ground-Truck,London,10646,2201.260727967501,4846.162542717541
1656,Air-Express,New York,860,4825.106318641677,7946.818663679054
1657,Rail-Link,London,6603,4041.2021554344356,530.8441732251104
1658,Ocean-Freight,Singapore,6872,484.5501009380261,2683.5886818075473
1659,Air-Express,New York,162,1394.1792973700428,3124.6900461837113
1660,Air-Express,Singapore,10458,3326.6419354378104,6782.492402450974
1661,Air-Express,London,3705,2377.395785956379,1904.2424777766191
1662,Air-Express,New York,3410,2230.3569713478096,7135.347498033321
1663,Rail-Link,Shanghai,8233,2549.8649899891593,2885.387015969199
1664,Ground-Truck,London,13598,999.2246253677788,2155.6301793214984
1665,Air-Express,New York,4552,3810.665617835932,289.60473064517237
1666,Ocean-Freight,Singapore,7000,3770.2607494136055,419.3732085618067
1667,Rail-Link,Singapore,10639,4565.894635011563,4121.484623931088
1668,Air-Express,Singapore,9317,506.5273117083565,2119.954141141465
1669,Ocean-Freight,Singapore,8672,1898.1752254562364,282.7555032966176
1670,Rail-Link,London,1543,636.1344054173284,2891.082846484919
1671,Ground-Truck,Singapore,3361,1413.9242340914293,260.9570682530284
1672,Air-Express,Singapore,3423,2679.6329483438394,3546.784813830295
1673,Air-Express,Shanghai,13530,3907.718257605052,2701.939626299963
1674,Ground-Truck,London,9639,3058.03121910176,2299.4136892439687
1675,Air-Express,Shanghai,9262,187.3064484496749,6155.4891453559585
1676,Ground-Truck,New York,10798,3298.6880512597772,7010.151408722866
1677,Rail-Link,Shanghai,5107,3799.963207097043,4862.89489159122
1678,Ocean-Freight,Singapore,12332,4853.4863822728885,7612.280968887464
1679,Rail-Link,Singapore,11263,3999.939016589466,7344.11621872336
1680,Rail-Link,New York,4810,2769.325935675353,1502.8449706638821
1681,Air-Express,Singapore,3089,605.451455334663,7138.960337414579
1682,Ground-Truck,Singapore,774,2198.3384242106354,7666.631607522351
1683,Rail-Link,Singapore,6225,3897.143000747041,5124.0652785790235
1684,Rail-Link,Singapore,11396,222.3553812541748,2422.2810973745513
1685,Rail-Link,Shanghai,4036,1290.281680082088,676.6837374825686
1686,Air-Express,Shanghai,12615,3125.485424234243,4558.187429438258
1687,Ground-Truck,Singapore,7901,4268.167461580767,5018.621226943643
1688,Rail-Link,New York,4777,3700.3430033680575,801.6353721832344
1689,Ground-Truck,Shanghai,13295,2294.934647119451,4022.8304750237226
1690,Ocean-Freight,New York,11388,2940.840861425163,3938.6801556483756
1691,Air-Express,Singapore,10693,2067.310634557427,7798.4086554465075
1692,Ground-Truck,London,13141,698.8433646787523,6808.227667153129
1693,Ocean-Freight,New York,10993,3522.0668713041014,4320.402640122378
1694,Air-Express,New York,13463,1457.8241864883043,4281.078271835889
1695,Air-Express,New York,13822,4308.3281026960385,3979.6670822450665
1696,Air-Express,Shanghai,7109,3896.026857820007,1690.7218091811962
1697,Air-Express,Singapore,10004,1514.7949399270408,7809.915832684493
1698,Ground-Truck,Shanghai,4637,1959.7556721204833,4066.3664862536443
1699,Rail-Link,London,13104,621.2053440006654,1931.9810407347209
1700,Air-Express,Singapore,12114,1376.008717135445,4072.6636213309503
1701,Air-Express,London,916,1876.7646373995437,7442.22900593939
1702,Ocean-Freight,New York,14887,4185.333440890188,4451.386564532459
1703,Air-Express,Singapore,174,514.0571975741619,2857.585931888257
1704,Ground-Truck,Singapore,3577,297.9371491014645,1787.416573371288
1705,Ocean-Freight,London,1186,466.11550141755276,5598.469195097374
1706,Rail-Link,New York,4570,1809.8674050441455,5211.160577374619
1707,Ocean-Freight,New York,12389,323.49143197906557,7603.023092308131
1708,Air-Express,New York,928,4478.770222058579,331.5942304104871
1709,Air-Express,Singapore,13095,900.5385198914933,5225.231933982316
1710,Ocean-Freight,Singapore,7544,223.68913984460735,2799.6197498167976
1711,Ocean-Freight,Shanghai,4920,3486.737347991676,4080.2768315153075
1712,Air-Express,Shanghai,6475,2527.5826795408802,6019.46797063568
1713,Air-Express,London,2615,558.1426010468032,4231.717370709026
1714,Ocean-Freight,Singapore,5981,4892.411857307539,4766.302893694538
1715,Rail-Link,London,11673,1228.646279400208,3230.5962093949115
1716,Ground-Truck,London,5298,2529.895837511638,2508.6200501660333
1717,Rail-Link,New York,8513,1207.0635620477547,6003.9969074558385
1718,Ground-Truck,Singapore,5868,4481.360537310525,4290.417843472346
1719,Rail-Link,London,13124,1232.1255335727028,7643.836166073992
1720,Air-Express,Shanghai,3691,4286.628392211103,2783.260383882612
1721,Ground-Truck,New York,11013,666.0996915360336,223.46828170923436
1722,Rail-Link,Singapore,1403,2500.453311657361,943.1544730715665
1723,Ground-Truck,London,10412,4449.3399314276985,2427.564251426142
1724,Ground-Truck,New York,12102,4566.0175901244465,7526.6308727032765
1725,Ground-Truck,New York,7313,3688.9848915785497,2017.0350134372638
1726,Air-Express,New York,8032,3065.20784134103,7525.185348759549
1727,Ocean-Freight,New York,2247,1184.5877992241226,6409.851774669071
1728,Rail-Link,London,3581,1187.8322849835954,6248.3134073938245
1729,Ocean-Freight,Shanghai,13931,1126.6639801141832,100.54761979949494
1730,Air-Express,Singapore,5185,4850.18932248667,533.1353786234258
1731,Rail-Link,London,3216,3868.02204629582,3012.7213108947512
1732,Rail-Link,Singapore,7755,598.7323909647694,6874.611210667518
1733,Ocean-Freight,Shanghai,13511,4289.020964736835,6082.335989942087
1734,Ocean-Freight,London,12851,3167.3052712350345,3987.1875767479887
1735,Rail-Link,Shanghai,7096,4448.257553995041,6541.360307092817
1736,Ground-Truck,Singapore,6779,1745.0841858661468,2081.6465738492598
1737,Ground-Truck,Shanghai,6531,4405.267177050361,2990.1676338527873
1738,Ground-Truck,Singapore,5263,4121.755671775304,6087.1867701632245
1739,Rail-Link,London,10315,752.7072693364079,198.29380939875176
1740,Air-Express,New York,1888,3441.2142554484362,5503.471112150219
1741,Ocean-Freight,Shanghai,4025,1840.7473359956996,1490.7263319102099
1742,Ocean-Freight,Shanghai,9728,1561.3079039083816,6037.361316854805
1743,Rail-Link,Shanghai,13828,507.43936939012707,577.3324745307341
1744,Ocean-Freight,Singapore,6427,2683.4103515674183,6155.578314345183
1745,Rail-Link,London,8056,4871.538351829622,6777.552894634923
1746,Ground-Truck,London,7103,830.8028512971854,7820.640725562681
1747,Air-Express,Singapore,14116,775.593879523946,6668.763295907028
1748,Air-Express,London,11453,4255.590096540672,6851.646687618803
1749,Ground-Truck,Singapore,4732,1412.2111762631787,6470.513762873311
1750,Air-Express,Shanghai,2369,4149.2596936718855,595.5683109649152
1751,Ground-Truck,Singapore,2827,627.3219032168209,1464.7408410006913
1752,Air-Express,London,13213,646.6848842318416,5986.831238457196
1753,Air-Express,London,6304,180.448698269539,6705.6680763830345
1754,Ground-Truck,New York,6978,1087.8016558079012,6996.264068389148
1755,Ocean-Freight,Singapore,13694,842.1772519574563,7689.188675998311
1756,Rail-Link,London,9413,2613.0892985144806,3022.1060083466987
1757,Ocean-Freight,London,9750,4326.496697129664,3490.9523531422356
1758,Ground-Truck,Shanghai,3762,4253.493943522654,3050.74465380081
1759,Air-Express,New York,14143,254.86499241971507,4345.755625259761
1760,Ocean-Freight,London,155,2427.549224261533,1450.2132702208955
1761,Ground-Truck,Shanghai,14470,4458.034797064379,3125.606492054224
1762,Rail-Link,Singapore,6598,340.55129513281366,3391.301589800327
1763,Ocean-Freight,London,8034,1419.0195947903833,6058.652941484221
1764,Rail-Link,Singapore,6057,4179.213337435077,4902.117424376653
1765,Ground-Truck,Singapore,591,3032.9990536442765,1773.7902271468424
1766,Air-Express,Shanghai,1176,4618.91114904151,4078.3499935085356
1767,Ground-Truck,Singapore,6559,1431.0422808772753,4085.0146522052178
1768,Air-Express,Singapore,2566,2532.8264323652766,5825.931208312568
1769,Air-Express,New York,12556,3659.750746656074,7676.239518581966
1770,Rail-Link,New York,14601,2118.027371747369,7607.512099286615
1771,Rail-Link,Singapore,9586,2823.1547501163136,3140.6109632584753
1772,Rail-Link,Shanghai,12433,2749.1157650633695,7066.047581251875
1773,Rail-Link,New York,13215,1971.01315174531,629.4623283085496
1774,Ocean-Freight,London,14528,3733.3996018525027,6930.322969879055
1775,Ground-Truck,London,2550,4163.0811231904,5935.682796537185
1776,Ocean-Freight,Shanghai,861,3656.089218659026,4488.754145478763
1777,Rail-Link,New York,10811,3183.072938896835,3627.081774117882
1778,Ground-Truck,Shanghai,13354,1295.8011275151766,3998.2960749042195
1779,Air-Express,New York,3054,4129.558144813557,1075.8119728680867
1780,Air-Express,New York,12971,3773.388890502524,3090.2497842484568
1781,Ocean-Freight,New York,7780,4314.142921322881,1221.85643693568
1782,Air-Express,Singapore,1280,2306.067662575957,1380.0461758086965
1783,Ground-Truck,Shanghai,1793,1919.2778315486805,4202.806200359934
1784,Air-Express,London,9485,3668.7160935261645,2712.640526098491
1785,Ground-Truck,Shanghai,9933,1659.1916611891768,2130.7319880276764
1786,Ocean-Freight,London,13302,891.7739741314318,2864.288236552675
1787,Air-Express,Shanghai,11799,4483.269809236208,5204.798374571625
1788,Ground-Truck,Shanghai,7253,3818.1387503529313,148.65171059863215
1789,Rail-Link,London,5925,3032.6201996262716,6947.1479803619895
1790,Ground-Truck,Shanghai,7938,1577.168979927965,3927.5939246784305
1791,Ocean-Freight,Shanghai,6847,4183.840579223449,7329.469884566716
1792,Rail-Link,London,12140,757.1035634974725,5196.953557704823
1793,Rail-Link,Shanghai,11667,2731.841274316441,6992.835623592438
1794,Air-Express,New York,6831,4278.15913941941,4287.285009942029
1795,Ocean-Freight,Singapore,2222,3199.9365125220625,6450.966041316212
1796,Rail-Link,Shanghai,14867,159.5677440795406,7290.3851999136405
1797,Air-Express,London,6816,4611.528171308005,6342.416148079709
1798,Rail-Link,New York,10699,3120.680744828241,790.4767657432831
1799,Ground-Truck,London,2887,3413.9553609594727,189.95712534042053
1800,Rail-Link,Shanghai,6825,3363.211700092608,2483.4856539172547
1801,Air-Express,New York,1537,1302.3732574532667,6433.960353347129
1802,Ground-Truck,Shanghai,1307,3500.41620935028,1680.6221022589236
1803,Ocean-Freight,New York,5128,4518.88475529823,6687.306598635949
1804,Rail-Link,London,13823,1663.13941118337,4872.514057666204
1805,Rail-Link,Singapore,1413,1092.148771660201,7173.998533150402
1806,Ground-Truck,London,11224,3646.1668687812403,5121.668872634263
1807,Air-Express,Shanghai,11724,31.81456857949477,5743.88521601592
1808,Ground-Truck,London,6581,2133.1403512606303,1343.599784393666
1809,Ground-Truck,Shanghai,11050,984.3052401729639,3474.705113209681
1810,Ocean-Freight,London,8210,1372.0687952339226,6960.408495178653
1811,Rail-Link,Shanghai,7968,3780.8228800002303,5934.6882116882925
1812,Ocean-Freight,Singapore,10560,4142.461193433372,571.553367341681
1813,Air-Express,London,12892,2952.44509798905,7422.716516003155
1814,Rail-Link,Singapore,4009,3970.698233923453,1045.5707286019783
1815,Air-Express,Shanghai,14028,4095.2444701094537,5560.909460166816
1816,Air-Express,New York,3349,3424.92471584898,1637.2269912190525
1817,Ground-Truck,Shanghai,7511,3180.0980992982286,2956.3682264750328
1818,Ground-Truck,London,14886,1520.0995166236007,7905.8812654462245
1819,Ground-Truck,London,2969,3404.227454569874,2031.4456369293775
1820,Ocean-Freight,London,4725,507.0124997770704,3186.7279575584953
1821,Ocean-Freight,London,8351,385.2189473402743,5262.721440652804
1822,Air-Express,Singapore,8504,2987.9069519555683,4116.2301043751095
1823,Ocean-Freight,London,8125,3685.4681672219776,1355.617938937739
1824,Ocean-Freight,Singapore,6695,3300.377527850257,336.4891884610923
1825,Ground-Truck,Singapore,103,2848.9741819083256,1350.022713110333
1826,Ground-Truck,Singapore,10884,114.31987925355796,3667.625492314091
1827,Ocean-Freight,Shanghai,6426,1860.7915191128557,2453.0399247165333
1828,Rail-Link,London,148,2515.879187381959,3851.950090797677
1829,Ocean-Freight,Singapore,4998,2181.705463570697,3758.630593164984
1830,Ground-Truck,London,12458,2069.015672400878,7774.655276522872
1831,Rail-Link,New York,3470,2322.699271986347,3943.1463124549064
1832,Ground-Truck,Shanghai,6774,3842.1760334247397,4630.081116869119
1833,Air-Express,Shanghai,7440,722.9926980812752,7813.19979679956
1834,Ground-Truck,London,13070,3650.6613111228185,1259.0799605261116
1835,Air-Express,Singapore,12388,3201.0033645473013,975.1318819007507
1836,Ocean-Freight,Singapore,3607,4674.337777007987,1092.80102112783
1837,Ocean-Freight,Shanghai,1980,1847.5728847238854,2960.7933103443074
1838,Ocean-Freight,Shanghai,9156,3982.4307393284926,3511.977836616103
1839,Ground-Truck,London,3053,3390.784519017658,3285.0871652759824
1840,Air-Express,London,1775,78.7417179589848,5777.230295410095
1841,Ground-Truck,Shanghai,2009,567.9180059302803,5404.056149827233
1842,Ground-Truck,New York,7960,2920.951760884658,4044.5097449740974
1843,Rail-Link,Singapore,11616,114.93245693630888,3050.824233972453
1844,Ocean-Freight,London,3052,2453.501471157018,2243.3818614867178
1845,Rail-Link,Shanghai,194,150.70301088935568,7192.070028496581
1846,Air-Express,Shanghai,4362,1865.414475209215,3923.1451902250233
1847,Rail-Link,Singapore,865,4275.415045335134,1464.3203379070158
1848,Ocean-Freight,New York,14792,4534.731720883841,6162.036625669562
1849,Ocean-Freight,London,7519,1507.4269337076062,7903.569827316867
1850,Rail-Link,New York,13405,4510.286540195317,3356.2497263189935
1851,Ground-Truck,London,6174,3423.194616578658,2303.5925669919084
1852,Ocean-Freight,London,13526,499.7791272820392,1415.1315220436627
1853,Ocean-Freight,New York,5870,3781.353196408623,5506.235059537384
1854,Ground-Truck,New York,10941,3074.092391230776,2646.7497077278867
1855,Ocean-Freight,Singapore,13505,1701.0375691137738,5377.707343754414
1856,Ground-Truck,New York,6592,3572.6053502491395,6130.488888950422
1857,Ground-Truck,Shanghai,2425,2962.7767423121213,5565.213006647325
1858,Rail-Link,New York,932,4107.376187936484,3076.7862742600832
1859,Ground-Truck,New York,11515,4279.8532873241365,4404.443413363058
1860,Rail-Link,New York,6976,1682.6049656713915,919.875428851173
1861,Air-Express,Shanghai,8831,2038.1850542075126,7685.094129961801
1862,Ground-Truck,Shanghai,6165,2322.73795201092,865.4068204400489
1863,Ocean-Freight,London,589,1505.0894100941973,1492.5926111313547
1864,Ocean-Freight,Singapore,7331,3004.6506665189104,2976.957657359872
1865,Ground-Truck,Shanghai,2843,3323.9379835550867,3544.5266207666537
1866,Air-Express,Shanghai,11393,4793.349867333342,2552.670971539168
1867,Ocean-Freight,London,5770,159.00848079400524,7131.620004737824
1868,Ocean-Freight,Shanghai,14208,1845.2863915368168,2730.2331548146103
1869,Rail-Link,London,13321,284.1096768580838,616.1050879875148
1870,Ocean-Freight,London,11258,1775.4417725926614,3121.8859735016877
1871,Ocean-Freight,London,11796,3084.111130083645,5150.301821590024
1872,Ocean-Freight,New York,14133,2107.802126778095,1417.9255353032945
1873,Ground-Truck,Shanghai,13134,1270.7320803418165,7363.746128128381
1874,Air-Express,London,11515,1191.12239911845,5935.0918190512975
1875,Ground-Truck,Shanghai,2008,4182.070427542872,6740.703198145431
1876,Ocean-Freight,New York,1598,1428.6187728815028,7108.310803206488
1877,Rail-Link,Singapore,7812,4139.886310695911,4413.357924760491
1878,Rail-Link,London,4047,5.901648104286551,4016.5035225407028
1879,Ground-Truck,London,14888,1910.115165527599,178.02100010911997
1880,Ocean-Freight,New York,4477,941.1909513567208,2372.9391359719675
1881,Rail-Link,Shanghai,9865,163.6505698598486,4795.897310821106
1882,Ocean-Freight,Singapore,4459,167.28385151049358,5874.7976911354535
1883,Ground-Truck,Singapore,5973,1759.2730135188535,7845.451825891699
1884,Air-Express,New York,13997,747.5574352333147,3687.058718642644
1885,Air-Express,Singapore,12031,916.1197993677017,4975.311981869189
1886,Ground-Truck,New York,5167,1739.165386518735,6330.085064916936
1887,Ground-Truck,Singapore,11916,4173.747748501198,739.4786986511141
1888,Rail-Link,Singapore,14896,4169.436195888704,5139.617246214742
1889,Ocean-Freight,New York,1406,332.89236096509495,1828.4173327850049
1890,Ground-Truck,London,7212,3352.886470244581,2316.2153448643626
1891,Ocean-Freight,Singapore,12373,2525.8109778108783,5924.466631911432
1892,Ground-Truck,Singapore,5287,1880.4076439151513,4790.562461534334
1893,Ocean-Freight,Shanghai,6303,3135.921931826255,4112.936256295388
1894,Ocean-Freight,Singapore,8823,4217.9622171036,2933.4643897459277
1895,Air-Express,New York,3637,3970.8248753496,4891.388538756488
1896,Ground-Truck,London,5625,1779.9682582940857,7202.857199097735
1897,Air-Express,New York,14942,382.4278465341247,7428.224434092511
1898,Ocean-Freight,New York,12688,3405.91409181156,1632.0094050221433
1899,Ground-Truck,London,7820,1503.1209164723014,2180.6693132059067
1900,Rail-Link,Singapore,11496,3247.829976047827,7465.615054319581
1901,Ground-Truck,New York,4145,3060.2771319166795,1706.7570084384413
1902,Ocean-Freight,New York,6636,3336.990023156612,264.64578012049685
1903,Ocean-Freight,London,5104,2906.762367428349,2976.805323156587
1904,Air-Express,Singapore,8239,4793.237474727405,6432.190670424577
1905,Ground-Truck,New York,9946,422.15425272456866,1136.0968368906683
1906,Air-Express,New York,13667,385.39930187787576,988.1282632074182
1907,Ground-Truck,New York,13385,4269.863146448286,6591.843002086623
1908,Air-Express,London,10447,724.7165729344913,7906.370793918525
1909,Ground-Truck,New York,6948,4572.044758531863,7968.692778360603
1910,Air-Express,London,11934,958.3331220948376,563.9887098498745
1911,Rail-Link,New York,6327,4258.720189745853,947.4657813988222
1912,Air-Express,London,13634,1224.131522727639,3084.7763082050706
1913,Air-Express,London,10116,330.77682492521166,3984.9400375847563
1914,Ocean-Freight,New York,529,2194.8830730035756,6078.171348294723
1915,Rail-Link,London,7048,2717.4754974191324,3697.2070654538115
1916,Ocean-Freight,Singapore,11851,4788.105457480923,6417.398703770294
1917,Ocean-Freight,New York,1510,974.7187796538233,1022.6300485269871
1918,Ground-Truck,London,4159,4729.159516011854,4147.2381348419585
1919,Ground-Truck,Shanghai,2079,223.45332121163437,1427.2088983315477
1920,Air-Express,Singapore,3045,2871.155234350676,3014.446392696769
1921,Ground-Truck,London,825,4694.178449521408,7217.263393341689
1922,Ground-Truck,London,726,4680.486165994777,7601.5411186066
1923,Rail-Link,London,4113,3332.7936890747155,3876.285675796365
1924,Ground-Truck,Singapore,801,2837.5894967366144,4605.749885916932
1925,Ocean-Freight,Singapore,1626,3956.0114829284653,5073.616335633097
1926,Rail-Link,Singapore,4130,3989.850214385504,7698.247358378132
1927,Ocean-Freight,Singapore,13231,436.6014182449235,1338.4987851549708
1928,Air-Express,Shanghai,5811,2283.1192153197585,2843.3355677659583
1929,Ground-Truck,Shanghai,14148,3971.844118808877,1678.6931131729186
1930,Ground-Truck,Singapore,2080,2427.356790110833,6710.086743995487
1931,Rail-Link,New York,2904,2615.3908911009057,6440.43094371098
1932,Ground-Truck,Singapore,7891,984.6121341340446,2438.6397431786845
1933,Air-Express,Shanghai,14623,875.6174617675811,3546.824223711238
1934,Rail-Link,London,7770,3967.980013509075,1177.7766040371055
1935,Ground-Truck,New York,5529,3924.641111416686,1332.0000103038246
1936,Ocean-Freight,New York,5860,922.942683955126,7782.58922785634
1937,Rail-Link,New York,10212,4797.111583194777,3332.0552918783264
1938,Rail-Link,Singapore,10577,2180.6418236315335,4846.146768255958
1939,Ground-Truck,New York,10190,2959.2234531158515,4087.721209331609
1940,Ground-Truck,London,3985,1176.1511112922426,6571.083912349641
1941,Air-Express,London,5446,2367.072109691127,3342.4770476081208
1942,Air-Express,Singapore,9601,2896.0878038456326,3540.40220565058
1943,Ground-Truck,Singapore,13149,4884.277313114099,7492.41285020123
1944,Ground-Truck,Singapore,2159,2728.284573553515,2252.671673103614
1945,Ocean-Freight,Singapore,12589,1441.0487840254323,1226.994161705012
1946,Ocean-Freight,New York,7487,296.88287630501566,1320.20047249779
1947,Air-Express,New York,684,3084.197478516508,793.490692237171
1948,Ocean-Freight,New York,5957,3262.6580111660996,1821.9798058674276
1949,Ocean-Freight,London,14117,1273.6432093002152,2848.4256965347927
1950,Ground-Truck,Shanghai,9026,4930.338323779954,2510.475722969422
1951,Air-Express,London,10189,4408.736034391469,674.8420595792377
1952,Ground-Truck,Singapore,1810,358.2535480970861,4460.2851402079
1953,Ground-Truck,Shanghai,1084,2586.867094122342,5694.583914534594
1954,Ocean-Freight,London,12257,2799.652828261763,7237.432885209144
1955,Air-Express,Singapore,4338,3148.4307062321272,1699.477226283748
1956,Ocean-Freight,London,6405,1101.2822120506705,1580.836783365488
1957,Air-Express,Shanghai,5976,1386.4848487599106,2162.0964817961362
1958,Ocean-Freight,New York,4455,329.89728335164784,903.8703919683866
1959,Ground-Truck,London,5714,1586.1591439901297,389.702610949189
1960,Rail-Link,Shanghai,9423,3051.5981768846545,1815.1868213811879
1961,Ground-Truck,Singapore,5459,644.81545207843,7318.005625588533
1962,Rail-Link,New York,10892,1937.596344005008,492.00367819018925
1963,Ground-Truck,New York,4150,3778.5250518357648,393.70380645495095
1964,Ground-Truck,New York,4927,744.7683465233177,2391.7089591746085
1965,Ocean-Freight,London,344,3201.92300935221,7658.755380783723
1966,Air-Express,Singapore,6210,4086.121868673869,5854.109291402846
1967,Ground-Truck,Singapore,13431,2429.104685848118,1466.6484396765327
1968,Rail-Link,Shanghai,14959,483.93155808860934,1621.9938413808986
1969,Air-Express,New York,3326,2257.0072925058157,1147.5458477217908
1970,Ground-Truck,New York,13873,3566.916887905522,4422.228624502067
1971,Rail-Link,New York,9621,2710.3166965716373,4219.116436806244
1972,Ocean-Freight,Shanghai,9434,4043.4112149644993,6973.8940471571195
1973,Air-Express,Singapore,13803,1023.7565023952423,4768.498663754662
1974,Ocean-Freight,New York,5289,282.176180702781,3698.6136808208357
1975,Rail-Link,Singapore,6799,4847.8763452667,1777.2435189118669
1976,Ocean-Freight,Singapore,11051,4400.416227106896,5989.493771942359
1977,Ocean-Freight,London,12572,3917.1044034518777,7035.042018343425
1978,Air-Express,London,7421,2384.550582127955,2428.923024543086
1979,Ground-Truck,New York,14829,3210.970828060173,3720.952413645418
1980,Ground-Truck,London,14949,3556.8206167827975,2697.906968832421
1981,Air-Express,New York,10370,4487.069390283843,502.5652918377731
1982,Ground-Truck,Singapore,11754,1510.4433612477803,6150.662504976549
1983,Rail-Link,New York,3547,1418.1014730003278,5908.69028280509
1984,Rail-Link,Shanghai,1634,2271.7188070987418,4442.49341360357
1985,Ground-Truck,Shanghai,8945,1157.0125892427554,5093.372238791138
1986,Rail-Link,Singapore,5944,3241.176028168791,4518.328046862742
1987,Air-Express,New York,3767,473.9057854078365,474.0438147435755
1988,Air-Express,New York,446,3445.063670486582,1021.0063248883334
1989,Rail-Link,Shanghai,4930,2923.9113071457177,328.0414554910103
1990,Air-Express,Shanghai,6458,2213.6156233659835,3454.872196562276
1991,Air-Express,London,3236,2392.001659462947,3962.878924484844
1992,Air-Express,Shanghai,8426,1536.7676399979714,6393.586953668206
1993,Ground-Truck,London,12718,2189.1546933988398,6788.848165675903
1994,Ocean-Freight,London,9435,728.4008278905923,2760.949981021549
1995,Ocean-Freight,Singapore,3828,2336.0126190438373,6293.00010470671
1996,Rail-Link,London,10381,3286.3723667717395,7475.516656740193
1997,Rail-Link,New York,4441,2469.9081046136216,1862.2506631002918
1998,Air-Express,New York,7126,3576.664216462613,3664.6217739558406
1999,Rail-Link,New York,7474,475.0038276208015,4552.475886827162
2000,Ground-Truck,New York,14832,2533.121288011735,2368.456633836759
